TIC,CTOI,Period (exofop),Period (TEV),Notes,TOI Comments
160363.0,160363.01,,,Found with our in-house single transit finder,
1042868.0,1042868.01,,,No report on TEV; Found with our in-house single transit finder; transit finder output attached under 'Files'; close to MD,
1461133.0,1461133.01,,,Found with our in-house single transit finder,
3181884.0,3181884.01,,,Found with our in-house single transit finder,
3892209.0,3892209.01,,,No report on TEV; Found with our in-house single transit finder; transit finder output attached under 'Files',
4299199.0,4299199.01,,,Found with our in-house single transit finder; Sector 20,
4672985.0,4672985.01,,,WINE single transit,
4689632.0,4689632.01,,,Found with our in-house single transit finder,
6426639.0,6426639.01,1.58,,All data ontained using the LightKurve framework,
6515171.0,6515171.01,5.48,,All Data obtained using the Light Kurve framework,
6517467.0,6517467.01,1.33,,All data obtained using the Light Kurve Framework,
7145074.0,7145074.01,,,WINE single transit,
7984988.0,7984988.01,,,No TEV report; Found with our in-house single transit finder,
9376051.0,9376051.01,,,No report on TEV; Found with our in-house single transit finder; transit finder output attached under 'Files',
10747470.0,10747470.01,1.977,,No report,
11755687.0,11755687.01,3.052,,Identification and vetting detailed in https://arxiv.org/abs/2101.10919.,
12011437.0,12011437.01,2.433,,"No report on TEV; new CTOI, Montalto et al. (2020)",
12090836.0,12090836.01,3.197,,Identification and vetting detailed in https://arxiv.org/abs/2101.10919.,
12631674.0,12631674.01,,,Found with our in-house single transit finder; Sector 31,
13072758.0,13072758.01,,,WINE single transit,
13344668.0,13344668.01,,,WINE single transit,
14173089.0,14173089.01,4.076,,Identification and vetting detailed in https://arxiv.org/abs/2101.10919.,
16326602.0,16326602.01,,,No TEV report; Found with our in-house single transit finder,
19026420.0,19026420.01,,,No TEV report; Found with our in-house single transit finder,
22317640.0,22317640.01,,,WINE single transit,
22642772.0,22642772.01,,,Found with our in-house single transit finder,
24251313.0,24251313.01,0.64,,"No report on TEV; new CTOI, Montalto et al. (2020)",
25314899.0,25314899.01,3.367,,No report,
25758307.0,25758307.01,0.903,,No report,
25879023.0,25879023.01,2.049,,No report on TEV,
26264354.0,26264354.01,0.29,,"No report on TEV; new CTOI, Montalto et al. (2020)",
26474800.0,26474800.01,0.806,,No report on TEV,
26493474.0,26493474.01,1.56,,Data are obtained using the LightKurve framework,
26748546.0,26748546.01,5.902,,No report on TEV,
27354439.0,27354439.01,0.486,,No report,
27414976.0,27414976.01,3.976,,Identification and vetting detailed in https://arxiv.org/abs/2101.10919.,
27515765.0,27515765.01,0.86,,All data are obtained using the LightKurve framework,
27847307.0,27847307.01,2.498,,No report on TEV,
27896467.0,27896467.01,8.25,,Possible two bodies in orbit around the main star as seen in the light curve,
29953537.0,29953537.01,0.731,,Corrected transit depth of 160.92 (+/-12.21) ppm; USP candidate; possibly two stars in same pixel,
29989691.0,29989691.01,7.195,,Corrected transit depth of 214.7 (+/-7.6) ppm; Marginal PC; within southern Continuous Viewing Zone,
30654608.0,30654608.01,2.496,,"No report on TEV; new CTOI likely member of Muzzio 1     , PATHOS-02 in Nardiello et al. (2020)",
32451836.0,32451836.01,,,"No TEV report; Camera 2, CCD 3, Column 2023, Row 1622, Sector 3",
34798133.0,34798133.01,4.62,,All data obtained using LightKurve framework,
36595388.0,36595388.01,1.738,,No report on TEV,
37167097.0,37167097.01,1.98,,All info obtained using the LightKurve framework,
37497171.0,37497171.01,0.636,,"No report on TEV; new CTOI, Montalto et al. (2020)",
39291805.0,39291805.01,7.172,,"new CTOI likely member of NGC 2112     , PATHOS-03 in Nardiello et al. (2020)",
42524156.0,42524156.01,10.013,,"new CTOI likely member of ASCC 88      , PATHOS-04 in Nardiello et al. (2020)",
43785616.0,43785616.01,,,Found with our in-house finder; Sector 32,
45357107.0,45357107.01,2.177,,"No report on TEV; new CTOI, Montalto et al. (2020)",
47625466.0,47625466.01,8.26,,"Possible two planets, as the light curve shows two different kind of depths",
48882295.0,48882295.01,,,Found with our in-house single transit finder,
50580647.0,50580647.01,4.91,,All info obtained using the LightKurve framework,
51238317.0,51238317.01,14.261,,Found with our in-house single transit finder; Sector 20,
52745699.0,52745699.01,3.166,,Identification and vetting detailed in https://arxiv.org/abs/2101.10919.,
53309262.0,53309262.01,0.0,,No report on TEV,
53461742.0,53461742.01,4.412,,Identification and vetting detailed in https://arxiv.org/abs/2101.10919.,
53843023.0,53843023.01,0.0,,No report,
55441086.0,55441086.01,4.16,,All data obtained using the lightkurve framework,
55446876.0,55446876.01,5.59,,All data obtained using the lightkurve framework,
56099207.0,56099207.01,,,Found with our in-house single transit finder; Sector 32,
59942318.0,59942318.01,,,Found with our in-house single transit finder,
60111182.0,60111182.01,0.37,,All data obtained with the LightKurve framework,
62618413.0,62618413.01,7.02,,All data obtained using the LightKurve framework,
62632191.0,62632191.01,,,No TEV report; Found with our in-house single transit finder,
63889661.0,63889661.01,2.971,,Identification and vetting detailed in https://arxiv.org/abs/2101.10919.,
67599025.0,67599025.01,,,"WINE single transit, another transit in S30",
67600790.0,67600790.01,0.961,,No report on TEV,
67651371.0,67651371.01,,,No report on TEV; Found with our in-house single transit finder; transit finder output attached under 'Files',
69745398.0,69745398.01,,,No report on TEV; Found with our in-house single transit finder; transit finder output attached under 'Files',
70722784.0,70722784.01,14.454,,"No report on TEV; new CTOI, Montalto et al. (2020)",
71295401.0,71295401.01,6.22,,Possible two planets as per light curve,
76140400.0,76140400.01,0.0,,No report on TEV; Found with our in-house single transit finder; transit finder output attached under 'Files',
77287067.0,77287067.01,4.076,,Identification and vetting detailed in https://arxiv.org/abs/2101.10919.,
77370025.0,77370025.01,12.338,,"No report on TEV; new CTOI, Montalto et al. (2020)",
77560191.0,77560191.01,,,No TEV report; Found with our in-house single transit finder,
78012416.0,78012416.01,14.649,,"No report on TEV; new CTOI, Montalto et al. (2020)",
80317933.0,80317933.01,3.21,,"new CTOI likely member of Collinder 292, PATHOS-05 in Nardiello et al. (2020)",
81353413.0,81353413.01,2.087,,"new CTOI likely member of Velorum association, PATHOS-35 in Nardiello (2020)",
82011246.0,82011246.01,3.51,,All data are obtained using the LIghtKurve framework,
85504049.0,85504049.01,3.25,,"No TEV report; Camera 2, CCD 2, Column 551, Rwo 594, Sector 19",
87884695.0,87884695.01,1.19,,Possible W Ursae Majoris type variables (EW) with secondary companion that gets occultated and occults in a strict orbit,
89288586.0,89288586.01,,,Found with our in-house single transit finder,
89330719.0,89330719.01,,,No report on TEV; Found with our in-house single transit finder; transit finder output attached under 'Files',
91987487.0,91987487.01,,,No report on TEV; Found with our in-house single transit finder; transit finder output attached under 'Files'; W Shaped,
92835691.0,92835691.01,22.366,,"new CTOI likely member of SAI 91       , PATHOS-07 in Nardiello et al. (2020)",
92866460.0,92866460.01,19.16,,"No report on TEV; new CTOI, Montalto et al. (2020)",
94423678.0,94423678.01,1.422,,No report on TEV,
94589619.0,94589619.01,12.083,,"new CTOI likely member of NGC 2437     , PATHOS-08 in Nardiello et al. (2020)",
95003423.0,95003423.01,1.527,,"new CTOI likely member of Lupus association  , PATHOS-37 in Nardiello (2020)",
95768667.0,95768667.01,0.0,,No report,
95857505.0,95857505.01,,,No report on TEV; Found with our in-house single transit finder; transit finder output attached under 'Files',
96157127.0,96157127.01,0.99,,All data obtained with the LightKurve framework,
97975207.0,97975207.01,4.19,,All data are obtained using the Ligh Kurve framework,
98672702.0,98672702.01,15.129,,"No report on TEV; new CTOI, Montalto et al. (2020)",
100665013.0,100665013.01,,,Found with our in-house single transit finder; Sector 32,
100776118.0,100776118.01,,,Single transit event,
101179725.0,101179725.01,11.739,,"No report on TEV; new CTOI, Montalto et al. (2020)",
101641905.0,101641905.01,0.0,,No report on TEV,
104195270.0,104195270.01,3.686,,Identification and vetting detailed in https://arxiv.org/abs/2101.10919.,
105850602.0,105850602.01,,,No report,
109929845.0,109929845.01,4.763,,Identification and vetting detailed in https://arxiv.org/abs/2101.10919.,
111363968.0,111363968.01,1.633,,"No report on TEV; new CTOI, Montalto et al. (2020)",
115171750.0,115171750.01,0.0,,No report,
116756420.0,116756420.01,1.63,,All info obtained using the lightKurve framework,
117772549.0,117772549.01,7.879,,"No report on TEV; new CTOI, Montalto et al. (2020)",
118339710.0,118339710.01,,,WINE single transit,
119685627.0,119685627.01,5.032,,Identification and vetting detailed in https://arxiv.org/abs/2101.10919.,
120232318.0,120232318.01,3.62,,Identification and vetting detailed in https://arxiv.org/abs/2101.10919.,
120232321.0,120232321.01,3.62,,Identification and vetting detailed in https://arxiv.org/abs/2101.10919.,
121636363.0,121636363.01,0.0,,Single transit event,
121724183.0,121724183.01,,,Found with our in-house single transit finder,
123012736.0,123012736.01,4.06,,Possible two planets as per light curve,
123755508.0,123755508.01,15.287,,"No report on TEV; new CTOI likely member of Velorum association, PATHOS-38 in Nardiello (2020)",
125414447.0,125414447.01,3.707,,"No report on TEV; new CTOI likely member of NGC 2323     , PATHOS-09 in Nardiello et al. (2020)",
126098688.0,126098688.01,5.914,,No report,
126600730.0,126600730.01,6.299,,"No report on TEV; new CTOI likely member of Haffner 14   , PATHOS-10 in Nardiello et al. (2020)",
128703021.0,128703021.01,0.0,,Single transit; no report,
134631912.0,134631912.01,1.06,,All info obtained using the Light Kurve framework,
135145585.0,135145585.01,1.51,,"No report on TEV; new CTOI, Montalto et al. (2020)",
135367053.0,135367053.01,2.758,,"No report on TEV; new CTOI, Montalto et al. (2020)",
137389526.0,137389526.01,3.912,,Identification and vetting detailed in https://arxiv.org/abs/2101.10919.,
139470998.0,139470998.01,121.8,,Planet Hunters TESS candidate.,
139726266.0,139726266.01,,,Found with our in-house single transit finder; Sector 32,
140215502.0,140215502.01,,,Found with our in-house single transit finder; Sector 32,
140284423.0,140284423.01,9.439,,"No report on TEV; new CTOI, Montalto et al. (2020)",
141979734.0,141979734.01,24.533,,"No report on TEV; new CTOI, Montalto et al. (2020)",
142305141.0,142305141.01,1.96,,"No report on TEV; new CTOI, Montalto et al. (2020)",
142648205.0,142648205.01,17.633,,WINE warm jupiter candidate,
144164538.0,144164538.01,3.128,,"No report on TEV; new CTOI, Montalto et al. (2020)",
144317256.0,144317256.01,1.505,,"No report on TEV; new CTOI, Montalto et al. (2020)",
159059181.0,144995073.01,20.021,,"No report on TEV; new CTOI likely member of NGC 2669     , PATHOS-11 in Nardiello et al. (2020)",
146652799.0,146652799.01,19.778,,"No report on TEV; new CTOI, Montalto et al. (2020)",
147069011.0,147069011.01,7.328,,No report on TEV,
147426828.0,147426828.01,1.462,,"No report on TEV; new CTOI likely member of NGC 2318     , PATHOS-13 in Nardiello et al. (2020)",
147852475.0,147852475.01,3.917,,"No report on TEV; new CTOI, Montalto et al. (2020)",
149391403.0,149391403.01,5.23,,Possible hot jupiter,
149508001.0,149508001.01,0.721,,Corrected transit depth of 366.38 (+/-81.29) ppm; USP candidate,
151628217.0,151628217.01,1.111,,"No report on TEV; new CTOI, Montalto et al. (2020)",
156947629.0,156947629.01,5.253,,"No report on TEV; new CTOI, Montalto et al. (2020)",
158209498.0,158209498.01,,,No report on TEV; Found with our in-house single transit finder; transit finder output attached under 'Files',
158786520.0,158786520.01,0.721,,No report on TEV,
158835095.0,158835095.01,0.575,,No report on TEV,
159059181.0,159059181.01,5.217,,"No report on TEV; new CTOI likely member of NGC 2112     , PATHOS-16 in Nardiello et al. (2020)",
159159904.0,159159904.01,0.0,,No report on TEV,
159761678.0,159761678.01,1.445,,No report on TEV,
160041500.0,160041500.01,,,No report on TEV; Found with our in-house single transit finder; transit finder output attached under 'Files',
161169240.0,161169240.01,,,No report on TEV; Found with our in-house single transit finder; transit finder output attached under 'Files',
164365027.0,164365027.01,,,No report,
164781040.0,164781040.01,2.349,,No report on TEV,
165110772.0,165110772.01,0.061,,No report,
167085203.0,167085203.01,15.517,,"No report on TEV; new CTOI, Montalto et al. (2020)",
167456277.0,167456277.01,,,No report on TEV; Found with our in-house single transit finder; transit finder output attached under 'Files',
167653919.0,167653919.01,,,No TEV report; Found with our in-house single transit finder,
167671392.0,167671392.01,3.963,,Identification and vetting detailed in https://arxiv.org/abs/2101.10919.,
168702709.0,168702709.01,,,Found with our in-house single transit finder; Sector 31,
168903062.0,168903062.01,2.674,,Identification and vetting detailed in https://arxiv.org/abs/2101.10919.,
172752083.0,172752083.01,13.43,,No report,
176366125.0,176366125.01,,,Found with our in-house single transit finder; Sector 32,
178242751.0,178242751.01,5.296,,Identification and vetting detailed in https://arxiv.org/abs/2101.10919.,
178472673.0,178472673.01,,,No TEV report; Found with our in-house single transit finder,
181602717.0,181602717.01,2.456,,"No report on TEV; new CTOI likely member of NGC 2671     , PATHOS-17 in Nardiello et al. (2020)",
186072225.0,186072225.01,,,WINE single transit,
188620407.0,188620407.01,,,WINE single transit,
190989264.0,190989264.01,,,No TEV report; Found with our in-house single transit finder,
199497770.0,199497770.01,8.97,,Sector 23,
199661915.0,199661915.01,22.705,,Likely EB; period matches second canindate in SPOC report on pdo; no report on TEV; new CTOI,
201175570.0,201175570.01,9.7,,No TEV report; inflated Neptune candidate around evolved star,
201899356.0,201899356.01,3.109,,"No report on TEV; new CTOI, Montalto et al. (2020)",
202059363.0,202059363.01,4.247,,Identification and vetting detailed in https://arxiv.org/abs/2101.10919.,
202712304.0,202712304.01,,,No report on TEV; Found with our in-house single transit finder; transit finder output attached under 'Files',
206361691.0,206361691.01,0.0,,No report,
206561817.0,206561817.01,,,No report on TEV; Found with our in-house single transit finder; transit finder output attached under 'Files',
206588321.0,206588321.01,,,No report on TEV; Single transit; found with our in-house single transit finder; transit finder output attached under 'Files',
206660104.0,206660104.01,13.451,,No report,
206666063.0,206666063.01,,,No report on TEV; Found with our in-house single transit finder; transit finder output attached under 'Files',
207078179.0,207078179.01,,,WINE single transit,
210441429.0,210441429.01,2.406,,hot Jupiter candidate around subgiant star,
211854402.0,211854402.01,2.349,,No report on TEV,
219396153.0,219396153.01,10.242,,"No report on TEV; new CTOI, Montalto et al. (2020)",
220524097.0,220524097.01,3.961,,Identification and vetting detailed in https://arxiv.org/abs/2101.10919.,
222078568.0,222078568.01,,,Found with our in-house single transit finder; Sector 12,
224279805.0,224279805.01,,,No report on TEV; Found with our in-house single transit finder; transit finder output attached under 'Files',
229055790.0,229055790.01,0.0,,No report,
230013820.0,230013820.01,0.84,,No report,
231346067.0,231346067.01,1.292,,"No report on TEV; new CTOI, Montalto et al. (2020)",
231945429.0,231945429.01,30.462,,"No report on TEV; new CTOI, Montalto et al. (2020)",
233194447.0,233194447.01,0.0,,No report,
234496405.0,234496405.01,22.418,,warm Jupiter candidate around evolved star; needs redetrending,
235015217.0,235015217.01,4.088,,"No report on TEV; new CTOI, Montalto et al. (2020)",
235039711.0,235039711.01,,,WINE single transit,
235072851.0,235072851.01,3.119,,Identification and vetting detailed in https://arxiv.org/abs/2101.10919.,
236084210.0,236084210.01,5.347,,"No report on TEV; new CTOI likely member of ASCC 85      , PATHOS-18 in Nardiello et al. (2020)",
236770234.0,236770234.01,,,No report on TEV; Found with our in-house single transit finder; transit finder output attached under 'Files',
237098272.0,237098272.01,8.76,,All data obtained using the lightkurve framework,
237597612.0,237597612.01,,,Found with our in-house single transit finder,
238379370.0,238379370.01,27.177,,"No report on TEV; new CTOI likely member of Velorum association, PATHOS-40 in Nardiello (2020)",
238895829.0,238895829.01,2.371,,inflated planet candidate around red giant star,
239142212.0,239142212.01,,,Found with our in-house single transit finder; Sector 20,
239190192.0,239190192.01,,,Found with our in-house single transit finder; Sector 20,
239190192.0,239190192.02,,,Found with our in-house single transit finder; Sector 20; Might be secondary transit to .01,
239277658.0,239277658.01,3.25,,No report on TEV,
240101705.0,240101705.01,,,Found with our in-house single transit finder; Sector 20,
243167068.0,243167068.01,,,WINE single transit,
243417115.0,243417115.01,0.0,,No report,
248687282.0,248687282.01,,,Found with our in-house single transit finder; Sector 32,
250187388.0,250187388.01,,,Found with our in-house single transit finder; Sector 32; W Shaped,
250492521.0,250492521.01,,,Found with our in-house single transit finder,
250492521.0,250492521.02,,,Found with our in-house single transit finder,
250595513.0,250595513.01,,,Single transit event,
252798304.0,252798304.01,9.08,,All data obtained using the lightkurve framework,
252802348.0,252802348.01,8.32,,All data obtained using the lightkurve framework,
252803603.0,252803603.01,,,"No report on TEV; clear, if short and spiked transit",
252803603.0,252803603.02,,,"No report on TEV; very significant single transit, no others in preceding 25 days.",
252908198.0,252908198.01,,,Found with our in-house single transit finder; Sector 20,
253040591.0,253040591.01,,,No report on TEV; Found with our in-house single transit finder; transit finder output attached under 'Files',
253553257.0,253553257.01,,,Found with our in-house single transit finder; Sector 13,
254304169.0,254304169.01,2.382,,"No report on TEV; new CTOI, Montalto et al. (2020)",
256429408.0,256429408.01,,,No report on TEV; PHT candidate. Single transit event.,
256871385.0,256871385.01,2.902,,No report,
257483992.0,257483992.01,8.787,,"No report on TEV; new CTOI, Montalto et al. (2020)",
258923475.0,258923475.01,2.44,,All data obtained using the LightKurve framework,
259376845.0,259376845.01,13.45,,No report on TEV; new CTOI,
261646133.0,261646133.01,,,Found with our in-house single transit finder; Sector 13,
262570313.0,262570313.01,2.928,,Identification and vetting detailed in https://arxiv.org/abs/2101.10919.,
264221104.0,264221104.01,61.9,,No TEV report; inflated cold Jupiter or EB (or noise) around evolved star,
264766922.0,264766922.01,,,No report on TEV; Planet Hunters TESS candidate. Single transit event.,
265453074.0,265453074.01,,,No TEV report; Found with our in-house single transit finder,
265465927.0,265465927.01,,,WINE single transit,
268166705.0,268166705.01,9.948,,No report on TEV,
268534931.0,268534931.01,,,No report on TEV; PHT candidate. Single transit event.,
268704157.0,268704157.01,6.816,,No report,
268751095.0,268751095.01,,,No report on TEV; Found with our in-house single transit finder; transit finder output attached under 'Files',
269343479.0,269343479.01,4.128,,"No report on TEV; new CTOI, Montalto et al. (2020)",
271013213.0,271013213.01,0.62,,"No report on TEV; new CTOI, Montalto et al. (2020)",
271369421.0,271369421.01,,,No TEV report; Found with our in-house single transit finder,
271547901.0,271547901.01,1.333,,No report on TEV,
271755676.0,271755676.01,1.715,,No report on TEV,
272270998.0,272270998.01,0.518,,No report on TEV,
273270473.0,273270473.01,2.709,,Identification and vetting detailed in https://arxiv.org/abs/2101.10919.,
274150793.0,274150793.01,,,Found with our in-house single transit finder; Sector 31,
275179540.0,275179540.01,,,No TEV report; Found with our in-house single transit finder,
275180352.0,275180352.01,,,No TEV report; Found with our in-house single transit finder,
275573755.0,275573755.01,1.644,,No report on TEV,
278664649.0,278664649.01,18.392,,Sector 23,
278825345.0,278825345.01,7.989,,Identification and vetting detailed in https://arxiv.org/abs/2101.10919.,
279070369.0,279070369.01,,,WINE single transit,
279070369.0,279070369.02,,,WINE single transit,
279401253.0,279401253.01,,,Found with our in-house single transit finder; transit finder output attached under 'Files',
280613644.0,280613644.01,3.721,,Identification and vetting detailed in https://arxiv.org/abs/2101.10919.,
282502866.0,282502866.01,7.401,,"No report on TEV; new CTOI, Montalto et al. (2020)",
282830436.0,282830436.01,5.637,,No report on TEV,
282883628.0,282883628.01,8.42,,All data obtained using the lightkurve framework,
283027405.0,283027405.01,7.29,,Possible hot jupiter or brown dwarf considering the size,
284677262.0,284677262.01,,,Found with our in-house single transit finder; Sector 32,
284706890.0,284706890.01,3.836,,Identification and vetting detailed in https://arxiv.org/abs/2101.10919.,
284910127.0,284910127.01,1.771,,No report on TEV; Eclipsing Binary,
287328202.0,287328202.01,3.835,,"No report on TEV; new CTOI, Montalto et al. (2020)",
288240183.0,288240183.01,119.05,,No report on TEV; PHT candidate.,
290596726.0,290596726.01,,,No report on TEV; Found with our in-house single transit finder; transit finder output attached under 'Files',
290596728.0,290596728.01,,,No report on TEV; Found with our in-house single transit finder; transit finder output attached under 'Files',
290777444.0,290777444.01,6.108,,"No report on TEV; new CTOI, Montalto et al. (2020)",
292777663.0,292777663.01,4.603,,"No report on TEV; new CTOI, Montalto et al. (2020)",
293649602.0,293649602.01,0.0,,No report on TEV,
293845053.0,293845053.01,,,No TEV report; Found with our in-house single transit finder,
293893405.0,293893405.01,,,Found with our in-house single transit finder; Sector 32,
294194145.0,294194145.01,3.656,,"No report on TEV; new CTOI, Montalto et al. (2020)",
294216479.0,294216479.01,,,Found with our in-house single transit finder,
296354161.0,296354161.01,6.007,,Identification and vetting detailed in https://arxiv.org/abs/2101.10919.,
299739645.0,299739645.01,,,No TEV report; Found with our in-house single transit finder,
300362600.0,300362600.01,11.656,,"No report on TEV; new CTOI likely member of NGC 5316     , PATHOS-19 in Nardiello et al. (2020)",
301558096.0,301558096.01,,,Found with our in-house single transit finder; Sector 31,
303050301.0,303050301.01,0.0,,No report on TEV,
307571751.0,307571751.01,1.303,,"No report on TEV; new CTOI, Montalto et al. (2020)",
308211363.0,308211363.01,,,WINE single transit,
310162619.0,310162619.01,3.84,,All data are obtained using the LightKurve Framework,
310355207.0,310355207.01,4.575,,No report on TEV,
312395707.0,312395707.01,4.19,,All data obtained using the lightKurve framework,
314643904.0,314643904.01,6.85,,All info obtained using the LightKurve framework,
316340057.0,316340057.01,,,Found with our in-house single transit finder; Sector 13,
317536999.0,317536999.01,5.856,,"No report on TEV; new CTOI likely member of Ruprecht 94  , PATHOS-22 in Nardiello et al. (2020)",
318013179.0,318013179.01,,,WINE single transit,
318753114.0,318753114.01,,,Found with our in-house single transit finder; Sector 31,
319558163.0,319558163.01,8.27,,All data obtained using the lightkurve framework,
320092265.0,320092265.01,0.89,,All the data are using the LightKurve framework,
326092637.0,326092637.01,4.618,,"No report on TEV; new CTOI, Montalto et al. (2020)",
328162246.0,328162246.01,,,Found with our in-house single transit finder; Sector 31,
331644554.0,331644554.01,0.0,,No report,
332657786.0,332657786.01,0.0,,No report on TEV,
332954788.0,332954788.01,0.7,,Corrected transit depth of 441.7 (+/-83.6) ppm; USP candidate,
333136751.0,333136751.01,,,No report on TEV; Found with our in-house single transit finder; transit finder output attached under 'Files',
337217173.0,337217173.01,,,Single Transit in Sector-31. Transit-like feature in Sector-4 due to asteroid crossing,
339451334.0,339451334.01,1.938,,"No report on TEV; new CTOI, Montalto et al. (2020)",
341411516.0,341411516.01,3.109,,"No report on TEV; new CTOI, Montalto et al. (2020)",
342004815.0,342004815.01,,,"newCTOI,Single transit event; another single in Y1 at ~1539.5; these two singles are the shorter duration events but there are longer duration events filtered out in the detrending with a period of 39.5 days. However the shorter duration events happen consistently 14.1 days after the deep events; likely eccentric EB",
343933335.0,343933335.01,4.37,,Identification and vetting detailed in https://arxiv.org/abs/2101.10919.,
349373226.0,349373226.01,0.608,,"No report on TEV; new CTOI, Montalto et al. (2020)",
349793830.0,349793830.01,,,No report on TEV; Found with our in-house single transit finder; transit finder output attached under 'Files',
349832804.0,349832804.01,1.041,,No report,
350335633.0,350335633.01,2.389,,Identification and vetting detailed in https://arxiv.org/abs/2101.10919.,
354846183.0,354846183.01,,,No report on TEV; Found with our in-house single transit finder; transit finder output attached under 'Files'; Very large radius,
355895977.0,355895977.01,10.579,,potential hot sub-Neptune around dwarf star,
356240333.0,356240333.01,0.0,,No report on TEV; Found with our in-house single transit finder; transit finder output attached under 'Files',
356451765.0,356451765.01,3.36,,All info obtained using the LightKurve framework,
359648342.0,359648342.01,3.95,,Identification and vetting detailed in https://arxiv.org/abs/2101.10919.,
359683436.0,359683436.01,,,Found with our in-house single transit finder,
361983224.0,361983224.01,,,Found with our in-house single transit finder; Sector 20,
365102760.0,365102760.01,4.204,,No TEV report; hot Neptune candidate around evolved star,
365250897.0,365250897.01,,,Found with our in-house single transit finder; Sector 31,
365463946.0,365463946.01,,,Found with our in-house single transit finder; Sector 32,
365956062.0,365956062.01,1.808,,"No report on TEV; new CTOI, Montalto et al. (2020)",
366946329.0,366946329.01,7.9,,"No TEV report; Camera 2, CCD 3, Column 763, Row 637, Sector 12, unclear orbital period",
369031347.0,369031347.01,2.475,,No report on TEV; short-period planet candidate around RGB star,
369779127.0,369779127.01,0.0,,No report,
370010846.0,370010846.01,3.485,,Identification and vetting detailed in https://arxiv.org/abs/2101.10919.,
373026096.0,373026096.01,,,Found with our in-house single transit finder; Sector 32,
373062094.0,373062094.01,7.76,,All data obtained using the LightKurve framework,
374268399.0,374268399.01,,,"newCTOI,Single transit event",
374352402.0,374352402.01,1.14,,"No report on TEV; new CTOI, Montalto et al. (2020)",
379628805.0,379628805.01,2.09,,"column 872, row 70, sector 18, mission TESS",
382360740.0,382360740.01,5.15,,All data obtained using the Light Kurve framework,
383510040.0,383510040.01,5.91,,All data obtained using the lightkurve framework,
384194460.0,384194460.01,1.3,,All data obtained using the lightkurve framework,
385274980.0,385274980.01,6.0,,"No TEV report; Camera 2, CCD 2, Column 1551, Row 1343, Sector 11",
386484325.0,386484325.01,,,Found with our in-house single transit finder,
387513450.0,387513450.01,,,Foun,
387541380.0,387541380.01,,,Found with our in-house single transit finder; Sector 31,
387610076.0,387610076.01,,,Found with our in-house single transit finder; Sector 31,
388504644.0,388504644.01,5.691,,inflated planet candidate around red giant star. RV followup started,
390252502.0,390252502.01,5.436,,No report on TEV,
390930138.0,390930138.01,6.953,,"No TEV report; uninflated warm Jupiter candidate around evolved star. crowded field, short duration",
394126269.0,394126269.01,3.858,,"new CTOI, PATHOS-1 in Nardiello et al. (2019)",
396246765.0,396246765.01,3.441,,Identification and vetting detailed in https://arxiv.org/abs/2101.10919.,
396935226.0,396935226.01,,,Found with our in-house single transit finder; Sector 32,
398673587.0,398673587.01,,,WINE single transit,
399784500.0,399784500.01,,,Found with our in-house single transit finder; Sector 32,
401849421.0,401849421.01,1.041,,"No report on TEV; new CTOI, Montalto et al. (2020)",
403693870.0,403693870.01,3.524,,Identification and vetting detailed in https://arxiv.org/abs/2101.10919.,
409141608.0,409141608.01,,,No report,
409473377.0,409473377.01,,,No TEV report; Found with our in-house single transit finder,
410119093.0,410119093.01,4.129,,Identification and vetting detailed in https://arxiv.org/abs/2101.10919.,
411662605.0,411662605.01,1.561,,"new CTOI likely member of Lupus association  , PATHOS-43 in Nardiello (2020)",
412200591.0,412200591.01,,,Found with our in-house single transit finder; Sector 32,
413809436.0,413809436.01,2.703,,"new CTOI likely member of NGC 5925     , PATHOS-26 in Nardiello et al. (2020)",
417644279.0,417644279.01,10.884,,planet candidate around evolved star. recon spectrum obtained,
419091401.0,419091401.01,12.707,,"new CTOI likely member of Ruprecht 48  , PATHOS-27 in Nardiello et al. (2020)",
420031102.0,420031102.01,,,Found with our in-house single transit finder; Sector 31,
422448310.0,422448310.01,4.54,,All data obtained using the LightKurve framework,
422650433.0,422650433.01,1.29,,"No TEV report; Camera 1, CCD 4, Column 1786, Row 255, Sector 4",
424730711.0,424730711.01,,,Found with our in-house single transit finder; transit finder output attached under 'Files',
425585592.0,425585592.01,,,Found with our in-house single transit finder,
427344083.0,427344083.01,,,No report on TEV; PHT candidate. Single transit event. Likely grazing.,
427377458.0,427377458.01,2.53,,All data obtained using the LightKurve framework,
427459423.0,427459423.01,,,Found with our in-house single transit finder; Sector 32,
428704854.0,428704854.01,5.67,,All data obtained using the lightkurve framework,
431605129.0,431605129.01,4.04,,No TEV report; hot Jupiter candidate around dwarf star/bg star? check nearby bright star,
434307868.0,434307868.01,,,Found with our in-house single transit finder,
436663419.0,436663419.01,,,"Found with our in-house single transit finder; Sector 32; also sec 5 available, no transit visible there",
437935628.0,437935628.01,,,Found with our in-house single transit finder,
438225366.0,438225366.01,,,Found with our in-house single transit finder,
439406850.0,439406850.01,,,No report on TEV; Found with our in-house single transit finder; transit finder output attached under 'Files',
441122551.0,441122551.01,3.386,,Identification and vetting detailed in https://arxiv.org/abs/2101.10919.,
441131943.0,441131943.01,,,Found with our in-house single transit finder; Sector 31,
441417261.0,441417261.01,8.55,,All data obtained with the LightKurve framework,
441424343.0,441424343.01,,,"No TEV report; Camera 1, CCD 4, Column 1803, Row 1605, Sector 1",
444335503.0,444335503.01,1.2,,Data obtained using the LightKurve framework,
449793302.0,449793302.01,4.9,,"No TEV report; Camera 2, CCD 2, Column 307, Row 1088, Sector 11",
450610413.0,450610413.01,10.678,,"new CTOI likely member of Harvard 5    , PATHOS-29 in Nardiello et al. (2020)",
452954163.0,452954163.01,5.002,,"No report on TEV; new CTOI, Montalto et al. (2020)",
453455638.0,453455638.01,6.012,,"No report on TEV; new CTOI, Montalto et al. (2020)",
454142943.0,454142943.01,,,Found with our in-house single transit finder; Sector 32,
455006978.0,455006978.01,2.751,,Identification and vetting detailed in https://arxiv.org/abs/2101.10919.,
455238504.0,455238504.01,,,WINE single transit,
456220610.0,456220610.01,6.71,,Unclear period as per light curve,
456909420.0,456909420.01,,,No report on TEV; PHT candidate. Single transit event.,
458451774.0,458451774.01,0.0,,No report,
458484614.0,458484614.01,5.82,,All data obtained using the lightkurve framework,
460950389.0,460950389.01,2.862,,"new CTOI likely member of IC 2602      , PATHOS-31 in Nardiello et al. (2020)",
462004618.0,462004618.01,2.367,,"new CTOI likely member of NGC 3114     , PATHOS-32 in Nardiello et al. (2020)",
467785319.0,467785319.01,,,No report on TEV; Found with our in-house single transit finder; transit finder output attached under 'Files',
468178519.0,468178519.01,2.985,,Identification and vetting detailed in https://arxiv.org/abs/2101.10919.,
738065944.0,738065944.01,7.755,,"No report on TEV; new CTOI, Montalto et al. (2020)",
748919024.0,748919024.01,2.54,,"new CTOI likely member of Ruprecht 151 , PATHOS-33 in Nardiello et al. (2020)",
814205011.0,814205011.01,,,No TEV report; Found with our in-house single transit finder,
901674675.0,901674675.01,4.42,,"No report on TEV; new CTOI, Montalto et al. (2020)",
1036769612.0,1036769612.01,7.473,,"No report on TEV; new CTOI likely member of Trumpler 22  , PATHOS-34 in Nardiello et al. (2020)",
7688647.0,7688647.01,1.936,,"new CTOI from NEMESIS, https://arxiv.org/abs/2103.05647",
9632592.0,9632592.01,4.992,,"new CTOI from NEMESIS, https://arxiv.org/abs/2103.05647",
10934226.0,10934226.01,4.803,,"No report on TEV; new CTOI from NEMESIS, https://arxiv.org/abs/2103.05647",
14611330.0,14611330.01,,,Found with our in-house single transit finder,
23138732.0,23138732.01,4.558,,"new CTOI from NEMESIS, https://arxiv.org/abs/2103.05647",
24795168.0,24795168.01,,,PHT candidate. Single transit event. We caution that the event is close to a momentum dump.,
27858644.0,27858644.01,,,FP: Contaminated transit from nearby EB,
27986571.0,27986571.01,,,WD single transit (nominal period: 41000 years!!!),
44669739.0,44669739.01,2.411,,"new CTOI from NEMESIS, https://arxiv.org/abs/2103.05647",
47142025.0,47142025.01,,,No report on TEV; Found with our in-house single transit finder,
50270480.0,50270480.01,1.651,,"new CTOI from NEMESIS, https://arxiv.org/abs/2103.05647",
55454149.0,55454149.01,,,No report on TEV; Found with our in-house single transit finder,
59183645.0,59183645.01,4.545,,"potential planet candidate around evolved star, short duration, crowded field, possible BEB",
64549889.0,64549889.01,,,Found with our in-house single transit finder,
80315892.0,80315892.01,6.159,,"new CTOI from NEMESIS, https://arxiv.org/abs/2103.05647",
89620053.0,89620053.01,,,No TEV report; Found with our in-house single transit finder,
98794593.0,98794593.01,,,PHT candidate. Single transit event.,
101991992.0,101991992.01,2.737,,"No report on TEV; new CTOI from NEMESIS, https://arxiv.org/abs/2103.05647",
116497708.0,116497708.01,6.67,,camera: 2; ccd: 4; column: 898; row: 145; sector: 18,
129979519.0,129979519.01,1.22,,camera 1; ccd 2; column 816; row 1419; sector 18,
130370378.0,130370378.01,,,single transit (nominal period: 490 days),
139456051.0,139456051.01,2.842,,"No report on TEV; new CTOI from NEMESIS, https://arxiv.org/abs/2103.05647",
139474683.0,139474683.01,3.203,,inflated hot Jupiter candidate orbiting evolved star,
143996634.0,143996634.01,4.927,,"No report on TEV; new CTOI from NEMESIS, https://arxiv.org/abs/2103.05647",
149990098.0,149990098.01,,,Found with our in-house single transit finder,
152406952.0,152406952.01,,,Found with our in-house single transit finder,
161478895.0,161478895.01,4.867,,"No report on TEV; new CTOI from NEMESIS, https://arxiv.org/abs/2103.05647",
165602000.0,165602000.01,,,single transit (nominal period: 46 days),
169251938.0,169251938.01,,,No report on TEV; Found with our in-house single transit finder,
170161682.0,170161682.01,25.16,,PHT candidate. Note that the target it is a relatively crowded field.,
183231138.0,183231138.01,3.558,,"No report on TEV; new CTOI from NEMESIS, https://arxiv.org/abs/2103.05647",
184111843.0,184111843.01,3.085,,"new CTOI from NEMESIS, https://arxiv.org/abs/2103.05647",
188619138.0,188619138.01,,,WD single transit (nominal period: 2500 years!),
192833836.0,192833836.01,6.237,,"new CTOI from NEMESIS, https://arxiv.org/abs/2103.05647",
206468250.0,206468250.01,5.564,,"new CTOI from NEMESIS, https://arxiv.org/abs/2103.05647",
209457622.0,209457622.01,5.035,,"new CTOI from NEMESIS, https://arxiv.org/abs/2103.05647",
212380077.0,212380077.01,14.06,,"camera 1, ccd 2, column 1516, row 1297, sector 3",
220570288.0,220570288.01,4.443,,"new CTOI from NEMESIS, https://arxiv.org/abs/2103.05647",
234299676.0,234299676.01,6.845,,"new CTOI from NEMESIS, https://arxiv.org/abs/2103.05647",
265135454.0,265135454.01,,,Found with our in-house single transit finder,
266813717.0,266813717.01,,,Found with our in-house single transit finder,
270651953.0,270651953.01,,,Found with our in-house single transit finder,
281851658.0,281851658.01,6.201,,"new CTOI from NEMESIS, https://arxiv.org/abs/2103.05647",
285233653.0,285233653.01,3.1,,"camera 2, ccd 1, column 256, row 583, sector 17",
289624436.0,289624436.01,,,single transit (nominal period: 20 days),
290048573.0,290048573.01,1.483,,"new CTOI from NEMESIS, https://arxiv.org/abs/2103.05647",
294501647.0,294501647.01,,,Found with our in-house single transit finder,
296859112.0,296859112.01,,,Found with our in-house single transit finder,
308089071.0,308089071.01,5.5,,"camera 2, ccd 4, column 1926, row 1991, sector 24",
310862872.0,310862872.01,4.89,,"camera 1, ccd 1, column 952, row 201, sector 19",
318188400.0,318188400.01,,,Found with our in-house single transit finder,
374268399.0,374268399.01,,,"newCTOI,Single transit event",
389662862.0,389662862.01,2.998,,"new CTOI from NEMESIS, https://arxiv.org/abs/2103.05647",
406478079.0,406478079.01,1.57,,"new CTOI from NEMESIS, https://arxiv.org/abs/2103.05647",
408038524.0,408038524.01,1.246,,"new CTOI from NEMESIS, https://arxiv.org/abs/2103.05647",
409891396.0,409891396.01,,,single full transit (nominal period: 57 days),
421472503.0,421472503.01,,,single transit (nominal period: 15 days),
422650438.0,422650438.01,1.29,,"camera 1, ccd 4, column 1786, row 258, sector 4",
437234869.0,437234869.01,,,Found with our in-house single transit finder,
444041825.0,444041825.01,,,Found with our in-house single transit finder,
458645327.0,458645327.01,,,Found with our in-house single transit finder,
458647366.0,458647366.01,,,Found with our in-house single transit finder,
468963200.0,468963200.01,,,Found with our in-house single transit finder,
199661915.0,199661915.02,22.707,,Likely EB; period matches second canindate in SPOC report on pdo; no report on TEV; new CTOI,
26947356.0,26947356.01,6.82,11.7908,Report on TEV is contamination but does not match CTOI signal; Possible 2 planets as the curve shows 2 distinct depths of different size,
138169785.0,138169785.01,,20.5261,"single transit event from the TSTPC working group, additional transits at ~2034 TBJD and ~2014",
281461138.0,281461138.01,5.211,0.65,"No report on TEV for this signal. New CTOI from NEMESIS, https://arxiv.org/abs/2103.05647",
68326706.0,68326706.01,,15.5499,single transit; very v-shaped; Found with our in-house single transit finder; Sector 12,
100103201.0,100103201.01,14.553,7.4234,Corrected transit depth of 1146.44 (+/-234.59) ppm; only Cycle 1 data used,
100103201.0,100103201.02,31.552,18.7902,Corrected transit depth of 3218.53 (+/-614.29) ppm; within inner HZ but too big to be rocky,
231969683.0,231969683.01,,13.9861,Looks like a single; Found with our in-house single transit finder; Sector 32,
295176393.0,295176393.01,27.252,13.0963,"new CTOI, Montalto et al. (2020)",
358576949.0,358576949.01,22.6,7.716,new CTOI; early year 1 report; PC ,
358576949.0,358576949.02,22.6,7.716,new CTOI; should there be two CTOIs with same period? duplicate of 358576949.02?,
32606889.0,32606889.01,4.687,4.68696,"new CTOI, Montalto et al. (2020)",
35703676.0,35703676.01,1.73,1.73035,"new CTOI, Montalto et al. (2020)",
37777274.0,37777274.01,1.352,1.35183,"new CTOI, Montalto et al. (2020)",
38129218.0,38129218.01,2.402,2.401,"new CTOI, Montalto et al. (2020)",
38815574.0,38815574.01,20.429,10.2145,"new CTOI, Montalto et al. (2020)",
52169698.0,52169698.01,0.622,0.6221,"new CTOI, Montalto et al. (2020)",
64070344.0,64070344.01,2.737,2.73679,"new CTOI, Montalto et al. (2020)",
83839341.0,83839341.01,5.588,5.58819,"new CTOI, Montalto et al. (2020)",
85371626.0,85371626.01,2.07,2.059941759,All data are obtained using the LightKurve framework,
100918213.0,100918213.01,0.256,0.25645,"new CTOI, Montalto et al. (2020)",
117644481.0,117644481.01,0.251,0.2506,"new CTOI, Montalto et al. (2020)",
130613275.0,130613275.01,8.477,8.47687,"new CTOI, Montalto et al. (2020)",
134549022.0,134549022.01,11.534,11.5188,"new CTOI, Montalto et al. (2020)",
184397998.0,184397998.01,7.538,7.5372,WINE hot Jupiter; odd even,
220417892.0,220417892.01,7.034,7.0338,"new CTOI, Montalto et al. (2020)",
220460087.0,220460087.01,3.271,3.2708,Identification and vetting detailed in https://arxiv.org/abs/2101.10919.,
229043374.0,229043374.01,3.056,3.057153,"new CTOI, Montalto et al. (2020)",
234387858.0,234387858.01,2.81,2.80986,"new CTOI, Montalto et al. (2020)",
235067594.0,235067594.01,8.295,8.2838,"new CTOI, Montalto et al. (2020)",
237342298.0,237342298.01,2.692,2.6922,early year 1 report; priority 4/5; new CTOI,
238930658.0,238930658.01,0.693,0.6935,"new CTOI, Montalto et al. (2020)",
259391480.0,259391480.01,2.206,2.206,"new CTOI, Montalto et al. (2020)",
264318873.0,264318873.01,0.551,0.55069,"new CTOI, Montalto et al. (2020)",
300116105.0,300116105.01,2.077,2.07651,"new CTOI, Montalto et al. (2020)",
312091232.0,312091232.01,4.348,4.3484,"new CTOI, Montalto et al. (2020)",
314829796.0,314829796.01,1.467,1.466453,"new CTOI, Montalto et al. (2020)",
318756174.0,318756174.01,3.374,3.37515,Generate new centroid plot; Identification and vetting detailed in https://arxiv.org/abs/2101.10919.,
349789882.0,349789882.01,10.018,10.0171,"new CTOI, Montalto et al. (2020)",
368713985.0,368713985.01,4.093,4.0936,"new CTOI, Montalto et al. (2020)",
372909372.0,372909372.01,9.018,9.01877,"new CTOI, Montalto et al. (2020)",
382521776.0,382521776.01,4.394,4.396,Identification and vetting detailed in https://arxiv.org/abs/2101.10919.,
388850377.0,388850377.01,2.47,2.46858,"new CTOI, Montalto et al. (2020)",
390874411.0,390874411.01,8900.0,9.42738,WINE single transit,
393748848.0,393748848.01,2.128,2.12784,"new CTOI, Montalto et al. (2020)",
178367145.0,178367145.01,3.409,3.40932,"new CTOI, Montalto et al. (2020)",
234284556.0,234284556.01,1.106,1.106831,Planet Candidate,
92444219.0,92444219.01,39.52,8.1807,Signal on TEV is single transit; centroid offset but not centered on anything; investigate further; background light spikes at epoch 1342,
152283270.0,152283270.01,,11.2526,Single transit; PC in GV; asteroid from background light during transit,
159343218.0,159343218.01,109.14,"106.66, 23.388, 81.851 ",QLP S25 (not on TEV) has half CTOI period but shows significant depth-aperture correlation,
278661431.0,278661431.01,17.632,17.6741,SPOC centroid offset centered near other star TIC 278661428,
24725031.0,24725031.01,0.533,,Stellar variability,
29786532.0,29786532.01,1.588,,CDIPS report; V-shaped; very large,
53682439.0,53682439.01,0.641,,CDIPS report; looks ok; some odd-even; investigate further,
93275779.0,93275779.01,0.914,,CDIPS report; looks ok; faint,
110718787.0,110718787.01,3.092,,CDIPS report; variable star; some odd-even; seems to be off-target,
116887189.0,116887189.01,0.806,,No report; listed as FP on exofop,
133260600.0,133260600.01,1.424,,CDIPS report; too large; v-shaped; maybe synchronized,
133323306.0,133323306.01,1.095,,CDIPS report; looks ok; no QLP report,
135268489.0,135268489.01,3.702,,1700 ppm secondary; synchronized (SPOC),
140978827.0,140978827.01,8.299,,CDIPS report; large,
154573032.0,154573032.01,1.542,,Significant odd-even and centroid offset (SPOC),
154671430.0,154671430.01,1.164,,Odd-even,
198181553.0,198181553.01,1.411,1.411,Significant odd-even; 31 Re,
198390707.0,198390707.01,0.141365,,31 Re; secondary,
199662939.0,199662939.01,2.296,2.294,Centroid offset on another star,
200516835.0,200516835.01,3.778,,CDIPS report; looks ok,
219882262.0,219882262.01,1.033,,Centroid offset on another star,
229446477.0,229446477.01,0.658,,V-shaped; 3600 ppm secondary,
229503517.0,229503517.01,3.974,,Too large,
229675762.0,229675762.01,0.724,0.724,8.6 sigma odd-even,
229740848.0,229740848.01,1.543,,3500 ppm secondary,
230007816.0,230007816.01,2.627,,V-shaped; too large,
230389303.0,230389303.01,7.69,7.697,Centroid offset on another star,
232612421.0,232612421.01,4.361,4.36,Centroid offset on another star,
233058262.0,233058262.01,70.979,26.276,Clear eccentric EB,
233195052.0,233195052.01,2.68,2.678,Centroid offset on another star,
233496435.0,233496435.01,43.011,22.904,Second transit in SPOC S14-26 looks plausible,
233576872.0,233576872.01,1.518,,Too large,
233629963.0,233629963.01,1.591,,V-shaped; secondary,
234504626.0,234504626.01,0.534,,Significant depth-aperture; V-shaped; potential odd-even,
237214311.0,237214311.01,37.522,,Too large,
238611475.0,238611475.01,1.536,,CDIPS report; v-shaped; PMS M dwarf; no full QLP report,
243278072.0,243278072.01,26.673,,V-shaped; too large,
258548745.0,258548745.01,3.063,,Odd-even; too large,
260119000.0,260119000.01,2.94,,CDIPS report; possible secondary; centroid uncertain; off-target according to Evans followup,
269861070.0,269861070.01,1.968,,16 sigma odd-even,
287351976.0,287351976.01,1.924,,Rp = 167 Re,
287351976.0,287351976.02,1.924,,Rp = 167 Re,
298077526.0,298077526.01,1.921,,CDIPS report; looks ok; no QLP report,
307085007.0,307085007.01,19.272,,Significan depth-aperture correlation; V-shaped; some odd-even,
308538095.0,308538095.01,11.693,,Looks ok; odd-even timing difference; need full report; recon spectra show it's SB2,
311236477.0,311236477.01,3.133,,Odd-even,
342866210.0,342866210.01,2.537,,Secondary too deep; significant centroid offset,
343320735.0,343320735.01,12.416,,Wait for multisector; odd-even and centroid offset,
345324572.0,345324572.01,2.566,,Centroid offset centered on another star and odd-even,
349155660.0,349155660.01,0.698,,Rp = 93 Re,
349647697.0,349647697.01,0.577,,Stellar variability,
349647697.0,349647697.02,0.583,,Stellar variability,
350844139.0,350844139.01,0.571,,Variability,
350930938.0,350930938.01,2.649,,Rp = 41 Re,
356015361.0,356015361.01,11.2723,,Eccentric EB,
376997143.0,376997143.01,11.879,,Eccentric EB,
377912676.0,377912676.01,5.249,,Known EB (Slawson+2011),
378421253.0,378421253.01,0.751,,CDIPS report; variability,
385557214.0,385557214.01,5.625,,Clear secondary in SPOC LC,
388134787.0,388134787.01,0.0,79.697,Weak signal in SPOC S14-26,
399913539.0,399913539.01,1.288,,Known EB (Slawson+2011),
405687343.0,405687343.01,0.532,,Known EB (Slawson+2011),
417734868.0,417734868.01,11.447,,Too large,
432564189.0,432564189.01,3.761,,CDIPS report; too large,
432925586.0,432925586.01,2.024,,CDIPS report; looks ok; PMS M dwarf; no full QLP report,
452920657.0,452920657.01,0.0,9.699,Second transit in SPOC S18 looks plausible,
460024410.0,460024410.01,2.117,,CDIPS report; looks ok; no QLP report,
463903016.0,463903016.01,1.442,,CDIPS report; weak signal,
467522800.0,467522800.01,1.057,,CDIPS report; v-shaped; too large,
853388144.0,853388144.01,1.645,,CDIPS report; NEB,
859480036.0,859480036.01,2.596,,CDIPS report; double-lined EB,
1030389830.0,1030389830.01,0.688,,CDIPS report; looks too large,
198382901.0,198382901.01,8.542,,Secondary; significant depth-aperture correlation,
229760134.0,229760134.01,0.824,,Phase modulations; depth-aperture correlation,
229786055.0,229786055.01,2.14,,8.7 sigma odd/even; significant depth-aperture correlation,
230016502.0,230016502.01,2.961,,42 Re; V-shaped; slight odd-even,
230112571.0,230112571.01,0.531,,Odd-even; depth-aperture correlation,
236817949.0,236817949.01,0.63,,14 sigma odd even,
237116860.0,237116860.01,0.907,,33 Re; significant depth-aperture correlation,
284564211.0,284564211.01,2.556,,V-shaped; secondary; depth-aperture correlation,
364964726.0,364964726.01,2.06,,Secondary; depth-aperture correlation,
198420098.0,198420098.01,1.789,1.78624,Odd-even,
127505662.0,127505662.01,,,actual source is TIC 127505658 which was released as TOI 5564.01,
51947865.0,51947865.01,3.699,3.6992,newCTOI; this appears to be a phantom; check 831471745 (brighter of two real stars),
296863792.0,296863792.01,14.616,14.616,newCTOI; phantom tic; real star is TIC 860207014,
1717079066.0,1717079066.01,1.764,1.76353,signal already released as TOI 1161 ,
25227021.0,25227021.01,,15.131,Found with our in-house single transit finder; transit finder output attached under 'Files',
95112238.0,95112238.01,1.362,1.3616,"new CTOI, Montalto et al. (2020)",
141428309.0,141428309.01,,7.641,Found with our in-house single transit finder; transit finder output attached under 'Files',
238920872.0,238920872.01,6.535,6.5347,"new CTOI, Montalto et al. (2020)",
264173786.0,264173786.01,1.631,1.6306,Preliminary vetting with DAVE,
290403522.0,290403522.01,22.375,22.375,"Warm Jupiter candidate around rapid rotator, expected high eccentricity given the transit duration and stellar density",
333736132.0,333736132.01,,,"newCTOI, Single transit",
31142436.0,31142436.01,5.271,5.2731,"new CTOI, Montalto et al. (2020)",
33989652.0,33989652.01,6.194,6.1891,"new CTOI, Montalto et al. (2020)",
98796344.0,98796344.02,3.124154,5.35882,Already published without mention of 3.12 d period,
139147770.0,139147770.01,,10.9342,WINE single transit; only has early qlp data,
139423295.0,139423295.01,10.537,5.2684,"new CTOI, Montalto et al. (2020)",
170361401.0,170361401.01,1.094,1.0946,"new CTOI, Montalto et al. (2020)",
192831602.0,192831602.01,19.58,9.79587,"new CTOI, Montalto et al. (2020)",
264485594.0,264485594.01,7.17,7.1679,"new CTOI, Montalto et al. (2020)",
264979636.0,264979636.02,7.332,17.879,TOI; no ephemeris match; no signal at 7.3 d,
267542728.0,267542728.01,39.74,39.74,Put on hold,
278536652.0,278536652.01,7.132,7.1294,"new CTOI, Montalto et al. (2020)",
302212110.0,302212110.01,8.548,8.5473,"new CTOI, Montalto et al. (2020)",
303682623.0,303682623.01,0.681,0.68068,"new CTOI, Montalto et al. (2020)",
350432166.0,350432166.01,35.786,35.787,"new CTOI, Montalto et al. (2020)",
376524552.0,376524552.02,1.744,3.713,Corrected transit depth of 539.68 (+/-62.58),
405421924.0,405421924.01,1.804,1.8043,"new CTOI, Montalto et al. (2020)",
29430403.0,29430403.01,1.878,1.877567,"new CTOI, Montalto et al. (2020)",
53993965.0,53993965.01,0.577,0.57671,"new CTOI, Montalto et al. (2020)",
126797048.0,126797048.01,,,newCTOI; single in s36 spoc,
152226055.0,152226055.01,1.431,1.431331,"new CTOI, Montalto et al. (2020)",
220504798.0,220504798.01,0.558,0.557775,"new CTOI, Montalto et al. (2020)",
229480555.0,229480555.01,11.878,11.895,Placed on hold for reprocessing,
230236827.0,230236827.01,0.708,0.707782,"V-shaped, 68 transits",
232632890.0,232632890.01,0.674,1.348,Placed on hold for reprocessing,
249022743.0,249022743.01,2.256,2.26139,"new CTOI, Montalto et al. (2020)",
260756218.0,260756218.01,2.0,1.955422,Algol EB; synchronized with variability,
261261490.0,261261490.01,3.54,3.538959,Clear centroid offset in SPOC,
268529943.0,268529943.01,4.301,4.3006,"new CTOI, Montalto et al. (2020)",
281599144.0,281599144.01,36.054,36.05373,"new CTOI, Montalto et al. (2020)",
301980639.0,301980639.01,4.783,4.779524,Large; v-shaped; possible secondary,
350190639.0,350190639.01,1.864,1.866441,Parallax + Teff suggest M dwarf,
372909935.0,372909935.01,3.612,3.61113,Too large; called EB in a different delivery,
394340319.0,394340319.01,3.037,3.038975,V-shaped; depth-aperture,
33283274.0,33283274.01,3.227,1.6143,"new CTOI, Montalto et al. (2020)",
34371411.0,34371411.01,3.883,3.88062,Identification and vetting detailed in https://arxiv.org/abs/2101.10919.,
173639849.0,173639849.01,,12.82,Found with our in-house single transit finder,
423785115.0,423785115.01,74.2,13.584,PHT candidate. Second transit in FFI data. True period could be multiple of given period.,
5364106.0,5364106.01,,,PHT candidate. Single transit event.,
5966772.0,5966772.01,,,PHT candidate. Possible additional transit event in the FFIs at ~ 1587.95 TBJD.,
6242388.0,6242388.01,,,Found with our in-house single transit finder; Sector 43,
9099764.0,9099764.01,,,,
9176290.0,9176290.01,,,,
9567278.0,9567278.01,,,,
9707944.0,9707944.01,,,,
13073396.0,13073396.01,,,,
13416465.0,13416465.01,,,,
13866376.0,13866376.01,,,,
13875852.0,13875852.01,,,,
14440176.0,14440176.01,,,,
16317477.0,16317477.01,,,,
22391604.0,22391604.01,,,,
26412438.0,26412438.01,,,,
27541714.0,27541714.01,,,,
27549827.0,27549827.01,,,,
27550937.0,27550937.01,,,,
28754926.0,28754926.01,,,,
34085383.0,34085383.01,,,,
35021200.0,35021200.01,,,,
,36887038.01,,,,
37652870.0,37652870.01,,,,
48139432.0,48139432.01,,,,
50361536.0,50361536.01,,,,
51022999.0,51022999.01,,,,
51099561.0,51099561.01,,,,
53952541.0,53952541.01,,,,
58843267.0,58843267.01,,,,
58946313.0,58946313.01,,,,
59490344.0,59490344.01,,,,
60369879.0,60369879.01,,,,
60958874.0,60958874.01,,,,
61126715.0,61126715.01,,,,
65166582.0,65166582.01,,,,
65557265.0,65557265.01,,,,
66323870.0,66323870.01,,,,
67047661.0,67047661.01,,,,
67424670.0,67424670.01,,,,
67884964.0,67884964.01,,,,
,68646526.02,,,,
68687000.0,68687000.01,,,,
72669209.0,72669209.01,,,,
73496987.0,73496987.01,,,,
80435273.0,80435273.01,,,,
80946619.0,80946619.01,,,,
81089255.0,81089255.01,,,,
82204651.0,82204651.01,,,,
86119201.0,86119201.01,,,,
87304178.0,87304178.01,,,,
89258104.0,89258104.01,,,,
91251292.0,91251292.02,,,,
94984950.0,94984950.01,,,,
95661771.0,95661771.01,,,,
97255991.0,97255991.01,,,,
99570132.0,99570132.01,,,,
99673151.0,99673151.01,,,,
100504488.0,100504488.01,,,,
100504488.0,100504488.02,,,,
100504488.0,100504488.03,,,,
100990000.0,100990000.03,,,,
101569362.0,101569362.01,,,,
106235729.0,106235729.01,,,,
113918063.0,113918063.01,,,,
125358479.0,125358479.01,,,,
125489144.0,125489144.01,,,,
126278294.0,126278294.01,,,,
126984335.0,126984335.01,,,,
129762963.0,129762963.01,,,,
130718055.0,130718055.01,,,,
136798415.0,136798415.01,,,,
137966491.0,137966491.01,,,,
138351298.0,138351298.01,,,,
138683028.0,138683028.01,,,,
138707225.0,138707225.01,,,,
139270665.0,139270665.01,,,,
139409215.0,139409215.01,,,,
140381887.0,140381887.01,,,,
141522677.0,141522677.01,,,,
142933407.0,142933407.01,,,,
144011696.0,144011696.01,,,,
145601161.0,145601161.01,,,,
146259128.0,146259128.01,,,,
146333231.0,146333231.01,,,,
146627106.0,146627106.01,,,,
147561732.0,147561732.01,,,,
149349867.0,149349867.03,,,,
150986109.0,150986109.01,,,,
152070435.0,152070435.01,,,,
152359413.0,152359413.01,,,,
153949511.0,153949511.03,,,,
154927098.0,154927098.01,,,,
154927164.0,154927164.01,,,,
155916612.0,155916612.01,,,,
155947147.0,155947147.01,,,,
156096834.0,156096834.01,,,,
156457567.0,156457567.01,,,,
159614322.0,159614322.01,,,,
160585062.0,160585062.01,,,,
161924841.0,161924841.01,,,,
164790977.0,164790977.01,,,,
166540320.0,166540320.01,,,,
178143624.0,178143624.01,,,,
180625612.0,180625612.01,,,,
180652621.0,180652621.01,,,,
185779182.0,185779182.01,,,,
188377183.0,188377183.01,,,,
190736332.0,190736332.01,,,,
192014454.0,192014454.01,,,,
192687318.0,192687318.01,,,,
193759514.0,193759514.01,,,,
197596346.0,197596346.01,,,,
197736350.0,197736350.01,,,,
199572211.0,199572211.01,,,,
199660056.0,199660056.01,,,,
202276965.0,202276965.01,,,,
209006017.0,209006017.01,,,,
212359877.0,212359877.01,,,,
212378056.0,212378056.01,,,,
216986756.0,216986756.01,,,,
219018744.0,219018744.01,,,,
219176113.0,219176113.01,,,,
219434595.0,219434595.01,,,,
219641816.0,219641816.01,,,,
219778735.0,219778735.01,,,,
219778735.0,219778735.02,,,,
219898294.0,219898294.01,,,,
220129325.0,220129325.01,,,,
228463329.0,228463329.01,,,,
229076808.0,229076808.01,,,,
229573730.0,229573730.01,,,,
229747848.0,229747848.03,,,,
229747848.0,229747848.04,,,,
229950972.0,229950972.01,,,,
231682442.0,231682442.01,,,,
233126177.0,233126177.01,,,,
233190203.0,233190203.01,,,,
233267414.0,233267414.01,,,,
233511804.0,233511804.01,,,,
233733562.0,233733562.01,,,,
234037942.0,234037942.01,,,,
234117841.0,234117841.01,,,,
235903203.0,235903203.01,,,,
236529353.0,236529353.01,,,,
236815262.0,236815262.01,,,,
238605434.0,238605434.01,,,,
240855518.0,240855518.01,,,,
241249530.0,241249530.01,,,,
242241304.0,242241304.01,,,,
246976997.0,246976997.01,,,,
247160131.0,247160131.01,,,,
248957032.0,248957032.01,,,,
248959076.0,248959076.01,,,,
248960573.0,248960573.01,,,,
250650880.0,250650880.01,,,,
251090642.0,251090642.01,,,,
251494772.0,251494772.01,,,,
251975224.0,251975224.01,,,,
252753599.0,252753599.01,,,,
252939798.0,252939798.01,,,,
256160376.0,256160376.01,,,,
256516208.0,256516208.01,,,,
257300241.0,257300241.01,,,,
257430997.0,257430997.01,,,,
257554718.0,257554718.01,,,,
257803459.0,257803459.01,,,,
258799245.0,258799245.01,,,,
260167199.0,260167199.01,,,,
260703820.0,260703820.01,,,,
,261136000.01,,,,
262725099.0,262725099.01,,,,
264333501.0,264333501.01,,,,
267034895.0,267034895.01,,,,
267217069.0,267217069.01,,,,
267661228.0,267661228.01,,,,
268125683.0,268125683.01,,,,
269033446.0,269033446.01,,,,
269519402.0,269519402.01,,,,
270022396.0,270022396.01,,,,
270260727.0,270260727.01,,,,
270618239.0,270618239.01,,,,
270920839.0,270920839.01,,,,
271443321.0,271443321.01,,,,
275703185.0,275703185.01,,,,
276915898.0,276915898.01,,,,
278341415.0,278341415.01,,,,
280692653.0,280692653.01,,,,
283786459.0,283786459.01,,,,
284124227.0,284124227.01,,,,
284567761.0,284567761.01,,,,
284570702.0,284570702.01,,,,
284679244.0,284679244.01,,,,
285249796.0,285249796.01,,,,
286097964.0,286097964.01,,,,
,287959034.01,,,,
288405412.0,288405412.01,,,,
289718679.0,289718679.01,,,,
289947860.0,289947860.01,,,,
290686569.0,290686569.01,,,,
293991511.0,293991511.01,,,,
298292983.0,298292983.01,,,,
306449303.0,306449303.01,,,,
306931668.0,306931668.01,,,,
310155291.0,310155291.01,,,,
311233661.0,311233661.01,,,,
312543349.0,312543349.01,,,,
316246231.0,316246231.01,,,,
320261550.0,320261550.01,,,,
320687387.0,320687387.01,,,,
,323283992.01,,,,
323717669.0,323717669.01,,,,
324609409.0,324609409.01,,,,
325685403.0,325685403.01,,,,
326397318.0,326397318.01,,,,
326483210.0,326483210.01,,,,
332258412.0,332258412.01,,,,
333792947.0,333792947.01,,,,
334949878.0,334949878.01,,,,
335684494.0,335684494.01,,,,
336892053.0,336892053.01,,,,
339368119.0,339368119.01,,,,
344713453.0,344713453.01,,,,
345327044.0,345327044.01,,,,
,347332255.03,,,,
,347332255.04,,,,
348608380.0,348608380.01,,,,
349813029.0,349813029.01,,,,
350274116.0,350274116.01,,,,
350517548.0,350517548.01,,,,
355881602.0,355881602.01,,,,
356868485.0,356868485.01,,,,
356973763.0,356973763.01,,,,
357033670.0,357033670.01,,,,
357094314.0,357094314.01,,,,
357786383.0,357786383.01,,,,
358086041.0,358086041.01,,,,
358658763.0,358658763.01,,,,
359046756.0,359046756.01,,,,
359338693.0,359338693.01,,,,
359805399.0,359805399.01,,,,
365007485.0,365007485.01,,,,
366810260.0,366810260.01,,,,
,367461419.01,,,,
368251043.0,368251043.01,,,,
,368803791.01,,,,
369476686.0,369476686.01,,,,
371596256.0,371596256.01,,,,
373136570.0,373136570.01,,,,
373674579.0,373674579.01,,,,
376116071.0,376116071.01,,,,
376457352.0,376457352.01,,,,
376537276.0,376537276.01,,,,
376973804.0,376973804.01,,,,
377020459.0,377020459.01,,,,
377619148.0,377619148.01,,,,
379376771.0,379376771.01,,,,
380884709.0,380884709.01,,,,
384882500.0,384882500.01,,,,
385636103.0,385636103.01,,,,
386729525.0,386729525.01,,,,
388431740.0,388431740.01,,,,
388431742.0,388431742.01,,,,
388803989.0,388803989.01,,,,
389041242.0,389041242.01,,,,
390045892.0,390045892.01,,,,
393565707.0,393565707.01,,,,
397483270.0,397483270.01,,,,
397487633.0,397487633.01,,,,
397678193.0,397678193.01,,,,
397762695.0,397762695.01,,,,
399105267.0,399105267.01,,,,
400048856.0,400048856.01,,,,
400351578.0,400351578.01,,,,
401617111.0,401617111.01,,,,
408094816.0,408094816.01,,,,
408254149.0,408254149.01,,,,
408358709.0,408358709.01,,,,
415732733.0,415732733.01,,,,
417058223.0,417058223.01,,,,
420015743.0,420015743.01,,,,
421331604.0,421331604.01,,,,
421630760.0,421630760.01,,,,
422082582.0,422082582.01,,,,
422484720.0,422484720.01,,,,
423360793.0,423360793.01,,,,
426317111.0,426317111.01,,,,
427943483.0,427943483.01,,,,
428976250.0,428976250.01,,,,
431206812.0,431206812.01,,,,
434105091.0,434105091.01,,,,
434217306.0,434217306.01,,,,
435904852.0,435904852.01,,,,
441017467.0,441017467.01,,,,
441056242.0,441056242.01,,,,
441199415.0,441199415.01,,,,
441546821.0,441546821.01,,,,
441705792.0,441705792.01,,,,
441710478.0,441710478.01,,,,
441808796.0,441808796.01,,,,
443994883.0,443994883.01,,,,
444898583.0,444898583.01,,,,
445260697.0,445260697.01,,,,
445717008.0,445717008.01,,,,
446044800.0,446044800.01,,,,
452523977.0,452523977.01,,,,
453029782.0,453029782.01,,,,
453444539.0,453444539.01,,,,
455854202.0,455854202.01,,,,
457134361.0,457134361.01,,,,
458382304.0,458382304.01,,,,
458419988.0,458419988.01,,,,
468401583.0,468401583.01,,,,
468888472.0,468888472.01,,,,
468910725.0,468910725.01,,,,
470981906.0,470981906.01,,,,
602870459.0,602870459.01,,,,
645455722.0,645455722.01,,,,
645713782.0,645713782.01,,,,
668459662.0,668459662.01,,,,
841384851.0,841384851.01,,,,
1961935435.0,1961935435.01,,,,
2015243161.0,2015243161.01,,,,
,160363.01,,,,
,592503.01,,,,
,769986.01,,,,
,991806.01,,,,
,1042868.01,,,,
,1166553.01,,,,
,1461133.01,,,,
,1599403.01,,,,
,2236662.01,,,,
,2339182.01,,,,
,3027456.01,,,,
,3181884.01,,,,
,3892209.01,,,,
,3900859.01,,,,
,4292952.01,,,,
,4299199.01,,,,
,4426490.01,,,,
,4638099.01,,,,
,4672985.01,,,,
,4689632.01,,,,
,4956529.01,,,,
,5043138.01,,,,
,5079059.01,,,,
,5364106.01,,,,
,5364106.02,,,,
,5642884.01,,,,
,5696824.01,,,,
,5966772.01,,,,
,6242388.01,,,,
,6426639.01,,,,
,6515171.01,,,,
,6517467.01,,,,
,7145074.01,,,,
,7559164.01,,,,
,7688647.01,,,,
,7984988.01,,,,
,8671865.01,,,,
,9099764.01,,,,
,9176290.01,,,,
,9376051.01,,,,
,9567278.01,,,,
,9570501.01,,,,
,9632592.01,,,,
,9707944.01,,,,
,9729503.01,,,,
,9881031.01,,,,
,9949865.01,,,,
,10075332.01,,,,
,10747470.01,,,,
,10934226.01,,,,
,11085362.01,,,,
,11755687.01,,,,
,11762560.01,,,,
,11835032.01,,,,
,11972578.01,,,,
,12011437.01,,,,
,12090836.01,,,,
,12470221.01,,,,
,12631674.01,,,,
,13072758.01,,,,
,13073396.01,,,,
,13087524.01,,,,
,13337783.01,,,,
,13344668.01,,,,
,13416465.01,,,,
,13470446.01,,,,
,13574905.01,,,,
,13866376.01,,,,
,13870815.01,,,,
,13875852.01,,,,
,14030804.01,,,,
,14173089.01,,,,
,14247181.01,,,,
,14440176.01,,,,
,14564410.01,,,,
,14611330.01,,,,
,14739595.01,,,,
,14857559.01,,,,
,14960758.01,,,,
,15141830.01,,,,
,16249522.01,,,,
,16271601.01,,,,
,16312021.01,,,,
,16317477.01,,,,
,16326602.01,,,,
,16478898.01,,,,
,16490297.01,,,,
,16651258.01,,,,
,16725913.01,,,,
,16769119.01,,,,
,16842739.01,,,,
,16999099.01,,,,
,17129975.01,,,,
,17141821.01,,,,
,17538651.01,,,,
,17933174.01,,,,
,18022314.01,,,,
,18380164.01,,,,
,18648237.01,,,,
,19026420.01,,,,
,19680613.01,,,,
,20320305.01,,,,
,20346619.01,,,,
,20424851.01,,,,
,20823655.01,,,,
,21269575.01,,,,
,21439718.01,,,,
,21618487.01,,,,
,21639186.01,,,,
,21720215.01,,,,
,21961030.01,,,,
,22142764.01,,,,
,22203201.01,,,,
,22317640.01,,,,
,22391604.01,,,,
,22642076.01,,,,
,22642772.01,,,,
,22738835.01,,,,
,22744846.01,,,,
,22751984.01,,,,
,22767596.01,,,,
,22903120.01,,,,
,23003727.01,,,,
,23138732.01,,,,
,23671957.01,,,,
,24106900.01,,,,
,24251313.01,,,,
,24539196.01,,,,
,24725031.01,,,,
,24795168.01,,,,
,24821583.01,,,,
,25227021.01,,,,
,25314899.01,,,,
,25472026.01,,,,
,25758307.01,,,,
,25765538.01,,,,
,25879023.01,,,,
,25923058.01,,,,
,26137588.01,,,,
,26264354.01,,,,
,26412438.01,,,,
,26474800.01,,,,
,26493474.01,,,,
,26726940.01,,,,
,26748546.01,,,,
,26813962.01,,,,
,26877693.01,,,,
,26880046.01,,,,
,26947356.01,,,,
,26971461.01,,,,
,27133479.01,,,,
,27233531.01,,,,
,27312599.01,,,,
,27344837.01,,,,
,27354439.01,,,,
,27414976.01,,,,
,27515765.01,,,,
,27541714.01,,,,
,27549827.01,,,,
,27550937.01,,,,
,27670294.01,,,,
,27768855.01,,,,
,27841347.01,,,,
,27847307.01,,,,
,27858644.01,,,,
,27896467.01,,,,
,27986571.01,,,,
,28019424.01,,,,
,28180816.01,,,,
,28638238.01,,,,
,28754926.01,,,,
,29170565.01,,,,
,29430403.01,,,,
,29786532.01,,,,
,29821723.01,,,,
,29953537.01,,,,
,29989691.01,,,,
,30275829.01,,,,
,30275861.01,,,,
,30654608.01,,,,
,30836645.01,,,,
,30999876.01,,,,
,31054247.01,,,,
,31054255.01,,,,
,31142436.01,,,,
,32451836.01,,,,
,32606889.01,,,,
,32949757.01,,,,
,33283274.01,,,,
,33945661.01,,,,
,33989652.01,,,,
,34085383.01,,,,
,34196883.01,,,,
,34371411.01,,,,
,34798133.01,,,,
,35021200.01,,,,
,35377903.01,,,,
,35485915.01,,,,
,35703676.01,,,,
,35961166.01,,,,
,36472619.01,,,,
,36595388.01,,,,
,36887038.01,,,,
,37167097.01,,,,
,37497171.01,,,,
,37652870.01,,,,
,37777274.01,,,,
,38129218.01,,,,
,38811794.01,,,,
,38813184.01,,,,
,38815574.01,,,,
,39012975.01,,,,
,39174790.01,,,,
,39174810.01,,,,
,39217525.01,,,,
,39291805.01,,,,
,39535451.01,,,,
,39828389.01,,,,
,41864106.01,,,,
,42524156.01,,,,
,42980456.01,,,,
,43785616.01,,,,
,43899566.01,,,,
,44669739.01,,,,
,45357107.01,,,,
,47056448.01,,,,
,47142025.01,,,,
,47519866.01,,,,
,47625466.01,,,,
,47653432.01,,,,
,47757785.01,,,,
,47762924.01,,,,
,48139432.01,,,,
,48193137.01,,,,
,48622170.01,,,,
,48882295.01,,,,
,50270480.01,,,,
,50361536.01,,,,
,50528326.01,,,,
,50580647.01,,,,
,50943299.01,,,,
,51022999.01,,,,
,51099561.01,,,,
,51125928.01,,,,
,51238317.01,,,,
,51861714.01,,,,
,51863626.01,,,,
,51947865.01,,,,
,52120912.01,,,,
,52169698.01,,,,
,52216463.01,,,,
,52369802.01,,,,
,52555068.01,,,,
,52639016.01,,,,
,52745699.01,,,,
,52871678.01,,,,
,52913891.01,,,,
,53018991.01,,,,
,53247642.01,,,,
,53253755.01,,,,
,53309262.01,,,,
,53461742.01,,,,
,53494434.01,,,,
,53682439.01,,,,
,53840258.01,,,,
,53843023.01,,,,
,53952541.01,,,,
,53993965.01,,,,
,54064834.01,,,,
,55369125.01,,,,
,55441086.01,,,,
,55446876.01,,,,
,55454149.01,,,,
,55682020.01,,,,
,55855877.01,,,,
,55999432.01,,,,
,56099207.01,,,,
,56935627.01,,,,
,57193196.01,,,,
,58843267.01,,,,
,58946313.01,,,,
,59183645.01,,,,
,59280552.01,,,,
,59465088.01,,,,
,59490344.01,,,,
,59942318.01,,,,
,60111182.01,,,,
,60369879.01,,,,
,60419777.01,,,,
,60958874.01,,,,
,61126715.01,,,,
,61202306.01,,,,
,61344237.01,,,,
,61404104.01,,,,
,61708231.01,,,,
,62003132.01,,,,
,62618413.01,,,,
,62632191.01,,,,
,62917964.01,,,,
,63069576.01,,,,
,63120478.01,,,,
,63307184.01,,,,
,63322050.01,,,,
,63548665.01,,,,
,63720888.01,,,,
,63850008.01,,,,
,63889661.01,,,,
,64070344.01,,,,
,64329653.01,,,,
,64549889.01,,,,
,64837857.01,,,,
,64837857.02,,,,
,64837857.03,,,,
,64837857.04,,,,
,65166582.01,,,,
,65259968.01,,,,
,65282454.01,,,,
,65557265.01,,,,
,65879889.01,,,,
,66230012.01,,,,
,66323870.01,,,,
,66439165.01,,,,
,66439168.01,,,,
,66532202.01,,,,
,67047661.01,,,,
,67424670.01,,,,
,67512645.01,,,,
,67599025.01,,,,
,67600790.01,,,,
,67643229.01,,,,
,67651371.01,,,,
,67707363.01,,,,
,67884964.01,,,,
,68216297.01,,,,
,68326706.01,,,,
,68489030.01,,,,
,68543654.01,,,,
,68623218.01,,,,
,68646526.02,,,,
,68665559.01,,,,
,68687000.01,,,,
,68906031.01,,,,
,68936204.01,,,,
,69745398.01,,,,
,70663347.01,,,,
,70722784.01,,,,
,70927362.01,,,,
,71133316.01,,,,
,71273694.01,,,,
,71295401.01,,,,
,71431434.01,,,,
,71488258.01,,,,
,71518575.01,,,,
,72669209.01,,,,
,72757019.01,,,,
,72931000.01,,,,
,73007817.01,,,,
,73251118.01,,,,
,73485270.01,,,,
,73496987.01,,,,
,73731443.01,,,,
,75651978.01,,,,
,76042621.01,,,,
,76140400.01,,,,
,76252511.01,,,,
,76299873.01,,,,
,76707975.01,,,,
,77137037.01,,,,
,77173027.01,,,,
,77255326.01,,,,
,77287067.01,,,,
,77370025.01,,,,
,77490011.01,,,,
,77524109.01,,,,
,77560191.01,,,,
,78012416.01,,,,
,78669098.01,,,,
,79172641.01,,,,
,79212406.01,,,,
,80255594.01,,,,
,80315892.01,,,,
,80317933.01,,,,
,80419101.01,,,,
,80429950.01,,,,
,80435273.01,,,,
,80946619.01,,,,
,81077799.02,,,,
,81089255.01,,,,
,81353413.01,,,,
,81600531.01,,,,
,81790160.01,,,,
,82011246.01,,,,
,82204651.01,,,,
,82205179.01,,,,
,82407001.01,,,,
,82550215.01,,,,
,82696443.01,,,,
,83391903.01,,,,
,83839341.01,,,,
,84357072.01,,,,
,84990650.01,,,,
,85142299.01,,,,
,85371626.01,,,,
,85377339.01,,,,
,85406477.01,,,,
,85485452.01,,,,
,85504049.01,,,,
,85504872.01,,,,
,85597635.01,,,,
,86119201.01,,,,
,86184105.01,,,,
,86265698.01,,,,
,86433395.01,,,,
,86810143.01,,,,
,86810852.01,,,,
,87304178.01,,,,
,87884695.01,,,,
,88024647.01,,,,
,88571421.01,,,,
,88586022.01,,,,
,88618301.01,,,,
,89258104.01,,,,
,89288586.01,,,,
,89330719.01,,,,
,89620053.01,,,,
,91251292.02,,,,
,91987487.01,,,,
,92352621.01,,,,
,92444219.01,,,,
,92447866.01,,,,
,92835691.01,,,,
,92866460.01,,,,
,93275779.01,,,,
,93420346.01,,,,
,94423678.01,,,,
,94589619.01,,,,
,94984950.01,,,,
,95003423.01,,,,
,95111024.01,,,,
,95112238.01,,,,
,95312476.01,,,,
,95661771.01,,,,
,95768667.01,,,,
,95857505.01,,,,
,95927079.01,,,,
,96157127.01,,,,
,97156957.01,,,,
,97255991.01,,,,
,97472236.01,,,,
,97479438.01,,,,
,97861072.01,,,,
,97975207.01,,,,
,98383826.01,,,,
,98672702.01,,,,
,98794593.01,,,,
,98796344.02,,,,
,99319615.01,,,,
,99569532.01,,,,
,99570132.01,,,,
,99652177.01,,,,
,99673151.01,,,,
,99728663.01,,,,
,99823641.01,,,,
,99834321.01,,,,
,99865630.01,,,,
,99989903.01,,,,
,100103201.01,,,,
,100103201.02,,,,
,100104872.01,,,,
,100504488.01,,,,
,100504488.02,,,,
,100504488.03,,,,
,100665013.01,,,,
,100776118.01,,,,
,100918213.01,,,,
,100990000.03,,,,
,101179725.01,,,,
,101219991.01,,,,
,101569362.01,,,,
,101624192.01,,,,
,101641905.01,,,,
,101641905.02,,,,
,101730811.01,,,,
,101923957.01,,,,
,101991992.01,,,,
,102064145.01,,,,
,102080051.01,,,,
,102808915.01,,,,
,102923946.01,,,,
,102951242.01,,,,
,103174622.01,,,,
,103180795.01,,,,
,103225834.01,,,,
,103321203.01,,,,
,103692994.01,,,,
,103913922.01,,,,
,103938530.01,,,,
,104195270.01,,,,
,105488812.01,,,,
,105850602.01,,,,
,106235729.01,,,,
,109929845.01,,,,
,110718787.01,,,,
,111363968.01,,,,
,111750317.01,,,,
,111778581.01,,,,
,112987554.01,,,,
,113247981.01,,,,
,113918063.01,,,,
,114056098.01,,,,
,114987571.01,,,,
,115171750.01,,,,
,115620634.01,,,,
,115693377.01,,,,
,115779261.01,,,,
,115942852.01,,,,
,116010909.01,,,,
,116307482.01,,,,
,116497708.01,,,,
,116756420.01,,,,
,116887189.01,,,,
,117378334.01,,,,
,117644481.01,,,,
,117772549.01,,,,
,118208859.01,,,,
,118339710.01,,,,
,118389230.01,,,,
,119241628.01,,,,
,119357781.01,,,,
,119685627.01,,,,
,119767301.01,,,,
,120099463.01,,,,
,120182692.01,,,,
,120199940.01,,,,
,120232318.01,,,,
,120232321.01,,,,
,120238206.01,,,,
,120355606.01,,,,
,120963388.01,,,,
,121158392.01,,,,
,121636363.01,,,,
,121724183.01,,,,
,121990418.01,,,,
,122620177.01,,,,
,122870280.01,,,,
,123012736.01,,,,
,123125197.01,,,,
,123627758.01,,,,
,123755508.01,,,,
,124922266.01,,,,
,125358479.01,,,,
,125414447.01,,,,
,125489144.01,,,,
,126098688.01,,,,
,126278294.01,,,,
,126600730.01,,,,
,126797048.01,,,,
,126982911.01,,,,
,126984335.01,,,,
,127505662.01,,,,
,128703021.01,,,,
,129004128.01,,,,
,129103090.01,,,,
,129203523.01,,,,
,129204392.01,,,,
,129711632.01,,,,
,129762963.01,,,,
,129904995.01,,,,
,129979519.01,,,,
,130370378.01,,,,
,130613275.01,,,,
,130718055.01,,,,
,133260600.01,,,,
,133323306.01,,,,
,134549022.01,,,,
,134631912.01,,,,
,134649962.01,,,,
,135145585.01,,,,
,135163289.01,,,,
,135230723.01,,,,
,135268489.01,,,,
,135367053.01,,,,
,136324903.01,,,,
,136798415.01,,,,
,137389526.01,,,,
,137504771.01,,,,
,137604961.01,,,,
,137605485.01,,,,
,137769705.01,,,,
,137889083.01,,,,
,137966491.01,,,,
,138169785.01,,,,
,138176261.01,,,,
,138330843.01,,,,
,138332311.01,,,,
,138346833.01,,,,
,138351298.01,,,,
,138446376.01,,,,
,138664795.01,,,,
,138683028.01,,,,
,138707225.01,,,,
,139052254.01,,,,
,139118147.01,,,,
,139147770.01,,,,
,139270665.01,,,,
,139353927.01,,,,
,139403953.01,,,,
,139409215.01,,,,
,139423295.01,,,,
,139456051.01,,,,
,139470998.01,,,,
,139474683.01,,,,
,139726266.01,,,,
,140067408.01,,,,
,140215502.01,,,,
,140284423.01,,,,
,140381887.01,,,,
,140444257.01,,,,
,140804830.01,,,,
,140864472.01,,,,
,140900726.01,,,,
,140935850.01,,,,
,140978827.01,,,,
,141129527.01,,,,
,141160020.01,,,,
,141428309.01,,,,
,141522677.01,,,,
,141524447.01,,,,
,141540100.01,,,,
,141582431.01,,,,
,141584976.01,,,,
,141811446.01,,,,
,141860204.01,,,,
,141866704.01,,,,
,141979734.01,,,,
,142088310.01,,,,
,142103253.01,,,,
,142305141.01,,,,
,142305910.01,,,,
,142491574.01,,,,
,142534582.01,,,,
,142583775.01,,,,
,142589416.01,,,,
,142648205.01,,,,
,142673457.01,,,,
,142862446.01,,,,
,142933407.01,,,,
,142935906.01,,,,
,142984508.01,,,,
,143858329.01,,,,
,143862255.01,,,,
,143907118.01,,,,
,143996634.01,,,,
,144011696.01,,,,
,144100224.01,,,,
,144164538.01,,,,
,144317256.01,,,,
,144426921.01,,,,
,144766817.01,,,,
,144995073.01,,,,
,145601161.01,,,,
,146259128.01,,,,
,146333231.01,,,,
,146436542.01,,,,
,146627106.01,,,,
,146652799.01,,,,
,146909991.01,,,,
,147069011.01,,,,
,147115277.01,,,,
,147252079.01,,,,
,147335089.01,,,,
,147426828.01,,,,
,147561732.01,,,,
,147714150.01,,,,
,147852475.01,,,,
,147890054.01,,,,
,147951484.01,,,,
,147953276.01,,,,
,148043270.01,,,,
,148622782.01,,,,
,148624719.01,,,,
,148835042.01,,,,
,148914245.01,,,,
,148967511.01,,,,
,148969860.01,,,,
,149349867.03,,,,
,149391403.01,,,,
,149508001.01,,,,
,149928173.01,,,,
,149928933.01,,,,
,149990098.01,,,,
,150105822.01,,,,
,150277490.01,,,,
,150384999.01,,,,
,150951108.01,,,,
,150986109.01,,,,
,151628217.01,,,,
,152070435.01,,,,
,152226055.01,,,,
,152283270.01,,,,
,152359413.01,,,,
,152406952.01,,,,
,152799053.01,,,,
,153067709.01,,,,
,153095829.01,,,,
,153919886.01,,,,
,153936502.01,,,,
,153949511.03,,,,
,153990815.01,,,,
,154067753.01,,,,
,154257696.01,,,,
,154353598.01,,,,
,154511099.01,,,,
,154562343.01,,,,
,154573032.01,,,,
,154664949.01,,,,
,154666392.01,,,,
,154671430.01,,,,
,154766316.01,,,,
,154809195.01,,,,
,154873779.01,,,,
,154927098.01,,,,
,154927164.01,,,,
,155008080.01,,,,
,155477509.01,,,,
,155637159.01,,,,
,155637265.01,,,,
,155654793.01,,,,
,155877220.01,,,,
,155916287.01,,,,
,155916612.01,,,,
,155947147.01,,,,
,156081668.01,,,,
,156096834.01,,,,
,156138731.01,,,,
,156241259.01,,,,
,156255925.01,,,,
,156457567.01,,,,
,156514476.01,,,,
,156947629.01,,,,
,157129170.01,,,,
,157330058.01,,,,
,157757871.01,,,,
,157759665.01,,,,
,157778337.01,,,,
,157878913.01,,,,
,157892860.01,,,,
,157999789.01,,,,
,158209498.01,,,,
,158436232.01,,,,
,158445734.01,,,,
,158656337.01,,,,
,158656833.01,,,,
,158786520.01,,,,
,158835095.01,,,,
,158958668.01,,,,
,158984285.01,,,,
,159059181.01,,,,
,159159904.01,,,,
,159185219.01,,,,
,159343218.01,,,,
,159348113.01,,,,
,159348593.01,,,,
,159438790.01,,,,
,159614322.01,,,,
,159761678.01,,,,
,160041500.01,,,,
,160083301.01,,,,
,160097921.01,,,,
,160184301.01,,,,
,160268798.01,,,,
,160298130.01,,,,
,160321990.01,,,,
,160374965.01,,,,
,160585062.01,,,,
,160804180.01,,,,
,161046860.01,,,,
,161132119.01,,,,
,161169240.01,,,,
,161478895.01,,,,
,161569903.01,,,,
,161617319.01,,,,
,161687211.01,,,,
,161687285.01,,,,
,161924841.01,,,,
,163078563.01,,,,
,163360650.01,,,,
,163962539.01,,,,
,164365027.01,,,,
,164781040.01,,,,
,164790977.01,,,,
,165110772.01,,,,
,165161779.01,,,,
,165289668.01,,,,
,165312726.01,,,,
,165371584.01,,,,
,165499311.01,,,,
,165598669.01,,,,
,165602000.01,,,,
,165795955.01,,,,
,165832257.01,,,,
,165881460.01,,,,
,166178400.01,,,,
,166540320.01,,,,
,167085203.01,,,,
,167456277.01,,,,
,167653919.01,,,,
,167671392.01,,,,
,168702709.01,,,,
,168903062.01,,,,
,169251938.01,,,,
,169765000.01,,,,
,170161682.01,,,,
,170361401.01,,,,
,172409594.01,,,,
,172419713.01,,,,
,172752083.01,,,,
,173518890.01,,,,
,173608140.01,,,,
,173639849.01,,,,
,174328045.01,,,,
,176366125.01,,,,
,176689244.01,,,,
,176789524.01,,,,
,176963071.01,,,,
,177333402.01,,,,
,177617715.01,,,,
,178143624.01,,,,
,178242751.01,,,,
,178320314.01,,,,
,178354956.01,,,,
,178367145.01,,,,
,178443903.01,,,,
,178472673.01,,,,
,179576115.01,,,,
,180625612.01,,,,
,180652621.01,,,,
,180791665.01,,,,
,181602717.01,,,,
,182992572.01,,,,
,183231138.01,,,,
,184111843.01,,,,
,184397998.01,,,,
,185336364.01,,,,
,185779182.01,,,,
,186072225.01,,,,
,186510259.01,,,,
,186623513.01,,,,
,186810853.01,,,,
,186838040.01,,,,
,188377183.01,,,,
,188461829.01,,,,
,188567506.01,,,,
,188619138.01,,,,
,188620407.01,,,,
,188821468.01,,,,
,188835620.01,,,,
,190217431.01,,,,
,190736332.01,,,,
,190989264.01,,,,
,190992110.01,,,,
,190995146.01,,,,
,191082907.01,,,,
,192014454.01,,,,
,192066140.01,,,,
,192316486.01,,,,
,192561556.01,,,,
,192687318.01,,,,
,192782053.01,,,,
,192831602.01,,,,
,192833836.01,,,,
,193759514.01,,,,
,193883106.01,,,,
,196352977.01,,,,
,197039766.01,,,,
,197149001.01,,,,
,197596346.01,,,,
,197736350.01,,,,
,198147513.01,,,,
,198181553.01,,,,
,198382901.01,,,,
,198384864.01,,,,
,198390707.01,,,,
,198420098.01,,,,
,198486574.01,,,,
,198589475.01,,,,
,198611553.01,,,,
,199497770.01,,,,
,199505279.01,,,,
,199572211.01,,,,
,199618481.01,,,,
,199660056.01,,,,
,199661915.01,,,,
,199661915.02,,,,
,199662939.01,,,,
,200093838.01,,,,
,200505458.01,,,,
,200511352.01,,,,
,200516835.01,,,,
,201160783.01,,,,
,201175570.01,,,,
,201311598.01,,,,
,201510089.01,,,,
,201575721.01,,,,
,201735963.01,,,,
,201899356.01,,,,
,202059363.01,,,,
,202276965.01,,,,
,202292022.01,,,,
,202413558.01,,,,
,202712304.01,,,,
,202872110.01,,,,
,202953253.01,,,,
,202955310.01,,,,
,206361691.01,,,,
,206468250.01,,,,
,206561817.01,,,,
,206588321.01,,,,
,206599822.01,,,,
,206660104.01,,,,
,206666063.01,,,,
,207078179.01,,,,
,207439389.01,,,,
,209006017.01,,,,
,209457622.01,,,,
,210441429.01,,,,
,211854402.01,,,,
,212359877.01,,,,
,212378056.01,,,,
,212380077.01,,,,
,214977922.01,,,,
,216986756.01,,,,
,218233985.01,,,,
,219018744.01,,,,
,219027960.01,,,,
,219087443.01,,,,
,219176113.01,,,,
,219246401.01,,,,
,219396153.01,,,,
,219434595.01,,,,
,219466580.01,,,,
,219471945.01,,,,
,219492050.01,,,,
,219641816.01,,,,
,219703887.01,,,,
,219771660.01,,,,
,219778735.01,,,,
,219778735.02,,,,
,219824470.01,,,,
,219882262.01,,,,
,219893931.01,,,,
,219898294.01,,,,
,219987067.01,,,,
,220129325.01,,,,
,220417892.01,,,,
,220460087.01,,,,
,220504798.01,,,,
,220524097.01,,,,
,220568520.01,,,,
,220570288.01,,,,
,222078568.01,,,,
,224279805.01,,,,
,224322722.01,,,,
,224597929.01,,,,
,224634408.01,,,,
,228463329.01,,,,
,229043374.01,,,,
,229055790.01,,,,
,229064630.01,,,,
,229076808.01,,,,
,229364030.01,,,,
,229446477.01,,,,
,229480555.01,,,,
,229503517.01,,,,
,229513755.01,,,,
,229515782.01,,,,
,229573730.01,,,,
,229596702.01,,,,
,229655420.01,,,,
,229675762.01,,,,
,229708416.01,,,,
,229740848.01,,,,
,229747848.03,,,,
,229747848.04,,,,
,229760134.01,,,,
,229786055.01,,,,
,229802011.01,,,,
,229810162.01,,,,
,229872148.01,,,,
,229950972.01,,,,
,230007816.01,,,,
,230013820.01,,,,
,230016502.01,,,,
,230112571.01,,,,
,230198880.01,,,,
,230236827.01,,,,
,230389303.01,,,,
,230980945.01,,,,
,230982415.01,,,,
,231066944.01,,,,
,231274151.01,,,,
,231346067.01,,,,
,231682442.01,,,,
,231734642.01,,,,
,231930852.01,,,,
,231945429.01,,,,
,231948825.01,,,,
,231969683.01,,,,
,232050190.01,,,,
,232608943.02,,,,
,232612421.01,,,,
,232632890.01,,,,
,232963404.01,,,,
,233058262.01,,,,
,233126177.01,,,,
,233187772.01,,,,
,233190203.01,,,,
,233194447.01,,,,
,233195052.01,,,,
,233267414.01,,,,
,233271933.01,,,,
,233422396.01,,,,
,233496435.01,,,,
,233511188.01,,,,
,233511804.01,,,,
,233535064.01,,,,
,233576872.01,,,,
,233629963.01,,,,
,233733562.01,,,,
,233855268.01,,,,
,234037942.01,,,,
,234117841.01,,,,
,234284556.01,,,,
,234299676.01,,,,
,234387858.01,,,,
,234496405.01,,,,
,234504626.01,,,,
,234671065.01,,,,
,234895083.01,,,,
,235015217.01,,,,
,235039711.01,,,,
,235055769.01,,,,
,235067594.01,,,,
,235072851.01,,,,
,235290932.01,,,,
,235713297.01,,,,
,235903203.01,,,,
,236084210.01,,,,
,236309211.01,,,,
,236529353.01,,,,
,236770234.01,,,,
,236815262.01,,,,
,236817949.01,,,,
,236903869.01,,,,
,236975668.01,,,,
,237019002.01,,,,
,237048097.01,,,,
,237097805.01,,,,
,237098272.01,,,,
,237116860.01,,,,
,237214311.01,,,,
,237225365.01,,,,
,237228513.01,,,,
,237342298.01,,,,
,237597612.01,,,,
,237729561.01,,,,
,238335094.02,,,,
,238379370.01,,,,
,238605434.01,,,,
,238611475.01,,,,
,238895829.01,,,,
,238920872.01,,,,
,238930658.01,,,,
,239120068.01,,,,
,239142212.01,,,,
,239190192.01,,,,
,239190192.02,,,,
,239197344.01,,,,
,239277658.01,,,,
,239617090.01,,,,
,239655463.01,,,,
,240101705.01,,,,
,240802472.01,,,,
,240855518.01,,,,
,241071389.01,,,,
,241175657.01,,,,
,241175746.01,,,,
,241249530.01,,,,
,242095191.01,,,,
,242241304.01,,,,
,242657938.01,,,,
,243167068.01,,,,
,243278072.01,,,,
,243417115.01,,,,
,245426095.01,,,,
,246860991.01,,,,
,246974219.01,,,,
,246976997.01,,,,
,247160131.01,,,,
,247202475.01,,,,
,247469203.01,,,,
,248023451.01,,,,
,248434289.01,,,,
,248687282.01,,,,
,248957032.01,,,,
,248959076.01,,,,
,248960573.01,,,,
,249022743.01,,,,
,249950761.01,,,,
,250187388.01,,,,
,250492521.01,,,,
,250492521.02,,,,
,250559856.01,,,,
,250595513.01,,,,
,250650880.01,,,,
,250864248.01,,,,
,251080032.01,,,,
,251090642.01,,,,
,251494772.01,,,,
,251860880.01,,,,
,251975224.01,,,,
,252406463.01,,,,
,252753599.01,,,,
,252798304.01,,,,
,252802348.01,,,,
,252803603.01,,,,
,252803603.02,,,,
,252908198.01,,,,
,252913663.01,,,,
,252939798.01,,,,
,253009411.01,,,,
,253040591.01,,,,
,253054954.01,,,,
,253553257.01,,,,
,254287410.01,,,,
,254304169.01,,,,
,255569654.01,,,,
,255861715.01,,,,
,256160376.01,,,,
,256429408.01,,,,
,256516208.01,,,,
,256740442.01,,,,
,256741871.01,,,,
,256871385.01,,,,
,257022655.01,,,,
,257209699.01,,,,
,257300241.01,,,,
,257430997.01,,,,
,257483992.01,,,,
,257554718.01,,,,
,257630285.01,,,,
,257735212.01,,,,
,257803459.01,,,,
,258548745.01,,,,
,258799245.01,,,,
,258923475.01,,,,
,259319882.01,,,,
,259376845.01,,,,
,259391116.01,,,,
,259391480.01,,,,
,259409575.01,,,,
,259612303.01,,,,
,259884973.01,,,,
,260119000.01,,,,
,260167199.01,,,,
,260366403.01,,,,
,260657291.01,,,,
,260703820.01,,,,
,260756218.01,,,,
,261136000.01,,,,
,261261490.01,,,,
,261646133.01,,,,
,261680542.01,,,,
,261745577.01,,,,
,262330726.01,,,,
,262570313.01,,,,
,262592239.01,,,,
,262725099.01,,,,
,263601731.01,,,,
,264173786.01,,,,
,264221104.01,,,,
,264318873.01,,,,
,264333501.01,,,,
,264407995.01,,,,
,264485594.01,,,,
,264537668.01,,,,
,264766922.01,,,,
,264979636.02,,,,
,264986967.01,,,,
,265135454.01,,,,
,265337761.01,,,,
,265453074.01,,,,
,265465927.01,,,,
,265763792.01,,,,
,265888783.01,,,,
,266681013.01,,,,
,266813717.01,,,,
,266998947.01,,,,
,267034895.01,,,,
,267217069.01,,,,
,267364341.01,,,,
,267417544.01,,,,
,267542728.01,,,,
,267661228.01,,,,
,267674750.01,,,,
,268125683.01,,,,
,268166705.01,,,,
,268529943.01,,,,
,268534931.01,,,,
,268704157.01,,,,
,268751095.01,,,,
,268816952.01,,,,
,269033446.01,,,,
,269343479.01,,,,
,269519402.01,,,,
,269861070.01,,,,
,269946653.01,,,,
,270022396.01,,,,
,270204383.01,,,,
,270260727.01,,,,
,270348758.01,,,,
,270471727.01,,,,
,270516993.01,,,,
,270618239.01,,,,
,270651953.01,,,,
,270789373.01,,,,
,270920839.01,,,,
,271013213.01,,,,
,271018382.01,,,,
,271239155.01,,,,
,271269442.01,,,,
,271369421.01,,,,
,271443321.01,,,,
,271547901.01,,,,
,271755676.01,,,,
,271971130.02,,,,
,272270998.01,,,,
,272430494.01,,,,
,272432070.01,,,,
,272636742.01,,,,
,273270473.01,,,,
,273861354.01,,,,
,274017513.01,,,,
,274036048.01,,,,
,274149220.01,,,,
,274150793.01,,,,
,274211741.01,,,,
,274508785.01,,,,
,274804678.01,,,,
,274812877.01,,,,
,274948663.01,,,,
,275103817.01,,,,
,275179540.01,,,,
,275180352.01,,,,
,275419866.01,,,,
,275488151.01,,,,
,275573755.01,,,,
,275703185.01,,,,
,276915898.01,,,,
,277021897.01,,,,
,277324701.01,,,,
,277712294.01,,,,
,277735964.01,,,,
,277748419.01,,,,
,278199150.01,,,,
,278341415.01,,,,
,278536652.01,,,,
,278661431.01,,,,
,278664649.01,,,,
,278825345.01,,,,
,279070369.01,,,,
,279070369.02,,,,
,279401253.01,,,,
,279787356.01,,,,
,279856297.01,,,,
,279862481.01,,,,
,280215684.01,,,,
,280613644.01,,,,
,280614628.01,,,,
,280627094.01,,,,
,280692653.01,,,,
,280803912.01,,,,
,280980464.01,,,,
,281143479.01,,,,
,281190674.01,,,,
,281461138.01,,,,
,281599144.01,,,,
,281851658.01,,,,
,282272435.01,,,,
,282502866.01,,,,
,282505014.01,,,,
,282794970.01,,,,
,282830436.01,,,,
,282883628.01,,,,
,283027405.01,,,,
,283224968.01,,,,
,283477114.01,,,,
,283786459.01,,,,
,284124227.01,,,,
,284160132.01,,,,
,284185699.01,,,,
,284188533.01,,,,
,284300833.01,,,,
,284564211.01,,,,
,284567761.01,,,,
,284570702.01,,,,
,284575436.01,,,,
,284592989.01,,,,
,284677262.01,,,,
,284679244.01,,,,
,284680370.01,,,,
,284706890.01,,,,
,284801448.01,,,,
,284910127.01,,,,
,285233653.01,,,,
,285249796.01,,,,
,285468374.01,,,,
,285507262.01,,,,
,285671982.01,,,,
,286097964.01,,,,
,286835453.01,,,,
,287231788.01,,,,
,287258907.01,,,,
,287328202.01,,,,
,287351976.01,,,,
,287351976.02,,,,
,288074517.01,,,,
,288240183.01,,,,
,288405412.01,,,,
,288512113.01,,,,
,288800710.01,,,,
,288953213.01,,,,
,288982337.01,,,,
,289078206.01,,,,
,289163854.01,,,,
,289371153.01,,,,
,289382659.01,,,,
,289457941.01,,,,
,289505441.01,,,,
,289542816.01,,,,
,289568596.01,,,,
,289584752.01,,,,
,289624436.01,,,,
,289679597.01,,,,
,289718679.01,,,,
,289772905.01,,,,
,289910047.01,,,,
,289947860.01,,,,
,290048573.01,,,,
,290403522.01,,,,
,290557229.01,,,,
,290596726.01,,,,
,290596728.01,,,,
,290686569.01,,,,
,290777444.01,,,,
,291639913.01,,,,
,292319626.01,,,,
,292777663.01,,,,
,293143386.01,,,,
,293187375.01,,,,
,293566396.01,,,,
,293579773.01,,,,
,293631908.01,,,,
,293649602.01,,,,
,293845053.01,,,,
,293855630.01,,,,
,293893405.01,,,,
,293991511.01,,,,
,294194145.01,,,,
,294216479.01,,,,
,294501647.01,,,,
,294765664.01,,,,
,295176393.01,,,,
,296354161.01,,,,
,296859112.01,,,,
,296863792.01,,,,
,297021046.01,,,,
,297901049.01,,,,
,298071018.01,,,,
,298077526.01,,,,
,298292983.01,,,,
,298659608.01,,,,
,298733630.01,,,,
,298830630.01,,,,
,299176845.01,,,,
,299739645.01,,,,
,300013489.01,,,,
,300116105.01,,,,
,300142607.01,,,,
,300324610.01,,,,
,300362600.01,,,,
,300448520.01,,,,
,301558096.01,,,,
,301980639.01,,,,
,302038293.01,,,,
,302040469.01,,,,
,302173245.01,,,,
,302186856.01,,,,
,302212110.01,,,,
,302453291.01,,,,
,302849206.01,,,,
,303050301.01,,,,
,303682623.01,,,,
,305062358.01,,,,
,305635594.01,,,,
,305725494.01,,,,
,306303056.01,,,,
,306449303.01,,,,
,306580215.01,,,,
,306603225.01,,,,
,306634482.01,,,,
,306931668.01,,,,
,307085007.01,,,,
,307210830.04,,,,
,307290645.01,,,,
,307571751.01,,,,
,307732375.01,,,,
,307767243.01,,,,
,307788096.01,,,,
,307943975.01,,,,
,307952444.01,,,,
,308089071.01,,,,
,308211363.01,,,,
,308538095.01,,,,
,308605531.01,,,,
,308617923.01,,,,
,308739770.01,,,,
,309133240.01,,,,
,309234222.01,,,,
,309234923.01,,,,
,309902656.01,,,,
,310155291.01,,,,
,310162619.01,,,,
,310306283.01,,,,
,310355207.01,,,,
,310783184.01,,,,
,310862872.01,,,,
,311086350.01,,,,
,311233661.01,,,,
,311236477.01,,,,
,311242780.01,,,,
,311389718.01,,,,
,311420789.01,,,,
,311532610.01,,,,
,312091232.01,,,,
,312395707.01,,,,
,312480940.01,,,,
,312543349.01,,,,
,312543349.02,,,,
,312812518.01,,,,
,313143164.01,,,,
,313240853.01,,,,
,313274771.01,,,,
,313301110.01,,,,
,314643904.01,,,,
,314829796.01,,,,
,316246231.01,,,,
,316340057.01,,,,
,316852947.01,,,,
,316854890.01,,,,
,317015040.01,,,,
,317063048.01,,,,
,317451641.01,,,,
,317536999.01,,,,
,317860392.01,,,,
,318013179.01,,,,
,318146095.01,,,,
,318188400.01,,,,
,318692558.01,,,,
,318753114.01,,,,
,318756174.01,,,,
,319558163.01,,,,
,320092265.01,,,,
,320261550.01,,,,
,320687387.01,,,,
,321075958.01,,,,
,321675776.01,,,,
,321676854.01,,,,
,321914802.01,,,,
,323346605.01,,,,
,323717669.01,,,,
,324609409.01,,,,
,325685403.01,,,,
,326092637.01,,,,
,326202607.01,,,,
,326397318.01,,,,
,326483210.01,,,,
,327189231.01,,,,
,327302178.01,,,,
,327712163.01,,,,
,328162246.01,,,,
,328814508.01,,,,
,329246888.01,,,,
,331644554.01,,,,
,331651143.01,,,,
,332258412.01,,,,
,332350266.01,,,,
,332533059.01,,,,
,332635898.01,,,,
,332657786.01,,,,
,332954788.01,,,,
,333136751.01,,,,
,333426440.01,,,,
,333475564.01,,,,
,333641964.01,,,,
,333722409.01,,,,
,333736132.01,,,,
,333792947.01,,,,
,334901244.01,,,,
,334949878.01,,,,
,334990885.01,,,,
,335296995.01,,,,
,335684494.01,,,,
,335916681.01,,,,
,336410025.01,,,,
,336544379.01,,,,
,336892053.01,,,,
,337217173.01,,,,
,337835424.01,,,,
,339275974.01,,,,
,339368119.01,,,,
,339451334.01,,,,
,339533165.01,,,,
,340320462.01,,,,
,341105361.01,,,,
,341411516.01,,,,
,341613529.01,,,,
,341631355.01,,,,
,341872729.01,,,,
,342004815.01,,,,
,342866210.01,,,,
,343320735.01,,,,
,343834897.01,,,,
,343933335.01,,,,
,343936388.01,,,,
,344131495.01,,,,
,344552721.01,,,,
,344713453.01,,,,
,345045396.01,,,,
,345324572.01,,,,
,345327044.01,,,,
,345850353.01,,,,
,346484654.01,,,,
,346631343.01,,,,
,347044473.01,,,,
,347332255.03,,,,
,347332255.04,,,,
,347427606.01,,,,
,347504780.01,,,,
,347559998.01,,,,
,347702052.01,,,,
,347722518.01,,,,
,348063710.01,,,,
,348608380.01,,,,
,348842168.01,,,,
,349155660.01,,,,
,349309625.01,,,,
,349373226.01,,,,
,349521688.01,,,,
,349575563.01,,,,
,349647697.01,,,,
,349647697.02,,,,
,349789882.01,,,,
,349793830.01,,,,
,349813029.01,,,,
,349832804.01,,,,
,349904891.01,,,,
,350190639.01,,,,
,350274116.01,,,,
,350274840.01,,,,
,350335633.01,,,,
,350432166.01,,,,
,350517548.01,,,,
,350844139.01,,,,
,350930938.01,,,,
,351189201.01,,,,
,351202190.01,,,,
,351599985.01,,,,
,351801055.01,,,,
,352179145.01,,,,
,352298532.01,,,,
,352546989.01,,,,
,352820295.01,,,,
,353077789.01,,,,
,353838733.01,,,,
,353875094.01,,,,
,353997059.01,,,,
,354400422.01,,,,
,354478181.01,,,,
,354834460.01,,,,
,354834950.01,,,,
,354846183.01,,,,
,355070187.01,,,,
,355828331.01,,,,
,355881602.01,,,,
,355895977.01,,,,
,355957709.01,,,,
,356015361.01,,,,
,356240333.01,,,,
,356307721.01,,,,
,356317860.01,,,,
,356338868.01,,,,
,356355042.01,,,,
,356435413.01,,,,
,356451765.01,,,,
,356642879.01,,,,
,356683700.01,,,,
,356862855.01,,,,
,356868485.01,,,,
,356973763.01,,,,
,357026773.01,,,,
,357033670.01,,,,
,357044866.01,,,,
,357094314.01,,,,
,357183567.01,,,,
,357186082.01,,,,
,357338290.01,,,,
,357345121.01,,,,
,357441943.01,,,,
,357674158.01,,,,
,357786383.01,,,,
,357885804.01,,,,
,358086041.01,,,,
,358576949.01,,,,
,358576949.02,,,,
,358658763.01,,,,
,359046756.01,,,,
,359206901.01,,,,
,359338693.01,,,,
,359480209.01,,,,
,359632791.01,,,,
,359648342.01,,,,
,359683436.01,,,,
,359805399.01,,,,
,361983224.01,,,,
,362088809.01,,,,
,362104293.01,,,,
,362130877.01,,,,
,364538560.01,,,,
,364964726.01,,,,
,365007485.01,,,,
,365096961.01,,,,
,365102760.01,,,,
,365250897.01,,,,
,365463946.01,,,,
,365956062.01,,,,
,366074071.01,,,,
,366810260.01,,,,
,366946329.01,,,,
,367084154.01,,,,
,367461419.01,,,,
,367520974.01,,,,
,367655509.01,,,,
,368251043.01,,,,
,368443416.01,,,,
,368713985.01,,,,
,368803791.01,,,,
,369031347.01,,,,
,369375920.01,,,,
,369395383.01,,,,
,369474541.01,,,,
,369476686.01,,,,
,369779127.01,,,,
,370010846.01,,,,
,371207036.01,,,,
,371596256.01,,,,
,371766879.01,,,,
,372136783.01,,,,
,372711996.01,,,,
,372909372.01,,,,
,372909935.01,,,,
,373026096.01,,,,
,373062094.01,,,,
,373136570.01,,,,
,373236116.01,,,,
,373612130.01,,,,
,373674579.01,,,,
,373730922.01,,,,
,374268399.01,,,,
,374352402.01,,,,
,375145648.01,,,,
,376116071.01,,,,
,376258038.01,,,,
,376457352.01,,,,
,376524552.02,,,,
,376537276.01,,,,
,376588834.01,,,,
,376973804.01,,,,
,376997143.01,,,,
,377020459.01,,,,
,377152697.01,,,,
,377169726.01,,,,
,377416580.01,,,,
,377556960.01,,,,
,377619148.01,,,,
,377912676.01,,,,
,378421253.01,,,,
,378651225.01,,,,
,379294386.01,,,,
,379376771.01,,,,
,379628805.01,,,,
,380523151.01,,,,
,380884709.01,,,,
,381317676.01,,,,
,381477001.01,,,,
,381543300.01,,,,
,382360740.01,,,,
,382435735.01,,,,
,382521776.01,,,,
,383482813.01,,,,
,383510040.01,,,,
,383645274.01,,,,
,383755895.01,,,,
,384051626.01,,,,
,384194460.01,,,,
,384469512.01,,,,
,384609312.01,,,,
,384747920.01,,,,
,384882500.01,,,,
,384883067.01,,,,
,384888824.01,,,,
,385104242.01,,,,
,385274980.01,,,,
,385307289.01,,,,
,385557214.01,,,,
,385636103.01,,,,
,386066628.01,,,,
,386484325.01,,,,
,386729525.01,,,,
,387513450.01,,,,
,387541380.01,,,,
,387610076.01,,,,
,387714289.01,,,,
,388074615.01,,,,
,388134787.01,,,,
,388402265.01,,,,
,388431740.01,,,,
,388431742.01,,,,
,388504644.01,,,,
,388803989.01,,,,
,388850377.01,,,,
,389041242.01,,,,
,389078639.01,,,,
,389323171.01,,,,
,389471462.01,,,,
,389520593.01,,,,
,389662862.01,,,,
,389854818.01,,,,
,390045892.01,,,,
,390252502.01,,,,
,390874411.01,,,,
,390930138.01,,,,
,391539041.01,,,,
,391925531.01,,,,
,391947345.01,,,,
,392365181.01,,,,
,392715556.01,,,,
,393565707.01,,,,
,393748848.01,,,,
,393785071.01,,,,
,393800976.01,,,,
,393898356.01,,,,
,394045794.01,,,,
,394126269.01,,,,
,394340319.01,,,,
,394579699.01,,,,
,394834663.01,,,,
,395519975.01,,,,
,395657794.01,,,,
,396113854.01,,,,
,396242561.01,,,,
,396246765.01,,,,
,396290184.01,,,,
,396393272.01,,,,
,396601141.01,,,,
,396935226.01,,,,
,397043291.01,,,,
,397053253.01,,,,
,397072045.01,,,,
,397361541.01,,,,
,397483270.01,,,,
,397487633.01,,,,
,397678193.01,,,,
,397762695.01,,,,
,398102996.01,,,,
,398304905.01,,,,
,398336504.01,,,,
,398382775.01,,,,
,398673587.01,,,,
,399074535.01,,,,
,399105267.01,,,,
,399689864.01,,,,
,399784500.01,,,,
,399793914.01,,,,
,399913539.01,,,,
,399918895.01,,,,
,400048856.01,,,,
,400351578.01,,,,
,400947780.01,,,,
,401503097.01,,,,
,401617111.01,,,,
,401685092.01,,,,
,401849421.01,,,,
,402065454.01,,,,
,402111634.01,,,,
,402149920.01,,,,
,402214152.01,,,,
,402851922.01,,,,
,402875988.01,,,,
,402992891.01,,,,
,403139386.01,,,,
,403154475.01,,,,
,403693870.01,,,,
,403836000.01,,,,
,405253778.01,,,,
,405421924.01,,,,
,405504208.01,,,,
,405542683.01,,,,
,405687343.01,,,,
,406241337.01,,,,
,406478079.01,,,,
,406526291.01,,,,
,407114785.01,,,,
,407457771.01,,,,
,407851964.01,,,,
,408038524.01,,,,
,408094816.01,,,,
,408189324.01,,,,
,408254149.01,,,,
,408358709.01,,,,
,408550830.01,,,,
,408678680.01,,,,
,409055014.01,,,,
,409056122.01,,,,
,409141608.01,,,,
,409473377.01,,,,
,409612847.01,,,,
,409883914.01,,,,
,409891396.01,,,,
,410119093.01,,,,
,410355638.01,,,,
,410477562.01,,,,
,411662605.01,,,,
,412200591.01,,,,
,413162396.01,,,,
,413809436.01,,,,
,415705122.01,,,,
,415732733.01,,,,
,416455230.01,,,,
,417058223.01,,,,
,417110491.01,,,,
,417120779.01,,,,
,417136990.01,,,,
,417571629.01,,,,
,417644279.01,,,,
,417734868.01,,,,
,417830114.01,,,,
,418036300.01,,,,
,418083937.01,,,,
,418184706.01,,,,
,418311783.01,,,,
,418343229.01,,,,
,418373328.01,,,,
,418695901.01,,,,
,419091401.01,,,,
,419517627.01,,,,
,420015743.01,,,,
,420031102.01,,,,
,420735478.01,,,,
,420888232.01,,,,
,421331604.01,,,,
,421472503.01,,,,
,421630760.01,,,,
,422043783.01,,,,
,422082582.01,,,,
,422270253.01,,,,
,422448310.01,,,,
,422484720.01,,,,
,422650433.01,,,,
,422650438.01,,,,
,423360793.01,,,,
,423539160.01,,,,
,423785115.01,,,,
,424089318.01,,,,
,424090723.01,,,,
,424730711.01,,,,
,424805463.01,,,,
,425046696.01,,,,
,425585592.01,,,,
,425825270.01,,,,
,426317111.01,,,,
,426756103.01,,,,
,427320001.03,,,,
,427344083.01,,,,
,427377458.01,,,,
,427459423.01,,,,
,427765233.01,,,,
,427943483.01,,,,
,428531167.01,,,,
,428704854.01,,,,
,428866475.01,,,,
,428961332.01,,,,
,428976250.01,,,,
,429286485.01,,,,
,429417637.01,,,,
,430985807.01,,,,
,431206812.01,,,,
,431473352.01,,,,
,431484794.01,,,,
,431486590.01,,,,
,431605129.01,,,,
,431656151.01,,,,
,431767111.01,,,,
,431867372.01,,,,
,431945694.01,,,,
,431964149.01,,,,
,432012467.01,,,,
,432110782.01,,,,
,432564189.01,,,,
,432925586.01,,,,
,434105091.01,,,,
,434208740.01,,,,
,434217306.01,,,,
,434307868.01,,,,
,434724235.01,,,,
,434806551.01,,,,
,434813876.01,,,,
,435868674.01,,,,
,435868942.01,,,,
,435904852.01,,,,
,436663419.01,,,,
,436842712.01,,,,
,437088276.01,,,,
,437234869.01,,,,
,437749809.01,,,,
,437935628.01,,,,
,437936844.01,,,,
,438052638.01,,,,
,438225366.01,,,,
,439406850.01,,,,
,439945564.01,,,,
,440957227.01,,,,
,441012828.01,,,,
,441017467.01,,,,
,441056242.01,,,,
,441122551.01,,,,
,441131943.01,,,,
,441199415.01,,,,
,441397924.01,,,,
,441417261.01,,,,
,441424343.01,,,,
,441469541.01,,,,
,441546821.01,,,,
,441546821.02,,,,
,441622545.01,,,,
,441705792.01,,,,
,441710478.01,,,,
,441808796.01,,,,
,441813878.01,,,,
,443618156.01,,,,
,443994883.01,,,,
,444041825.01,,,,
,444335503.01,,,,
,444898583.01,,,,
,444977814.01,,,,
,445077088.01,,,,
,445260697.01,,,,
,445717008.01,,,,
,445724774.01,,,,
,445779478.01,,,,
,445880578.01,,,,
,446044800.01,,,,
,447923555.01,,,,
,449793302.01,,,,
,449925672.01,,,,
,450210844.01,,,,
,450300489.01,,,,
,450610413.01,,,,
,451507506.01,,,,
,452523977.01,,,,
,452708089.01,,,,
,452741963.01,,,,
,452920657.01,,,,
,452954163.01,,,,
,453029782.01,,,,
,453097786.01,,,,
,453100658.01,,,,
,453123591.01,,,,
,453163412.01,,,,
,453444539.01,,,,
,453455638.01,,,,
,454142943.01,,,,
,455006978.01,,,,
,455144819.01,,,,
,455238504.01,,,,
,455854202.01,,,,
,456220610.01,,,,
,456239821.01,,,,
,456261187.01,,,,
,456301013.01,,,,
,456302722.01,,,,
,456311356.01,,,,
,456334493.01,,,,
,456909420.01,,,,
,457134361.01,,,,
,457882891.01,,,,
,458382304.01,,,,
,458419988.01,,,,
,458447637.01,,,,
,458451774.01,,,,
,458484583.01,,,,
,458484614.01,,,,
,458645327.01,,,,
,458647366.01,,,,
,458653596.01,,,,
,458989211.01,,,,
,459008759.01,,,,
,459211741.01,,,,
,459218138.01,,,,
,459220237.01,,,,
,459223420.01,,,,
,459892063.01,,,,
,460016903.01,,,,
,460024410.01,,,,
,460950389.01,,,,
,461156158.01,,,,
,461157517.01,,,,
,461201151.01,,,,
,461651566.01,,,,
,461653423.01,,,,
,461676679.01,,,,
,462004618.01,,,,
,462516465.01,,,,
,462648313.01,,,,
,463903016.01,,,,
,464802921.01,,,,
,466930780.01,,,,
,467260886.01,,,,
,467522800.01,,,,
,467602105.01,,,,
,467785319.01,,,,
,468178519.01,,,,
,468401583.01,,,,
,468888472.01,,,,
,468910725.01,,,,
,468963200.01,,,,
,469775147.01,,,,
,469912324.01,,,,
,470109742.01,,,,
,470247230.01,,,,
,470523998.01,,,,
,470867827.01,,,,
,470968693.01,,,,
,470981906.01,,,,
,602870459.01,,,,
,612192146.01,,,,
,645455722.01,,,,
,645713782.01,,,,
,649892545.01,,,,
,668459662.01,,,,
,675057531.01,,,,
,703490821.01,,,,
,705060898.01,,,,
,738065944.01,,,,
,748919024.01,,,,
,802647157.01,,,,
,802854855.01,,,,
,814205011.01,,,,
,836308178.01,,,,
,841384851.01,,,,
,853388144.01,,,,
,859480036.01,,,,
,900106078.01,,,,
,901674675.01,,,,
,1030389830.01,,,,
,1036769612.01,,,,
,1551345499.01,,,,
,1717079066.01,,,,
,1718040493.01,,,,
,1718077157.01,,,,
,1718087846.01,,,,
,1922426635.01,,,,
,1961935435.01,,,,
,2015243161.01,,,,
,2040889915.01,,,,
,2050290974.01,,,,
