TIC,CTOI,Period (exofop),Period (TEV),Notes
160363.0,160363.01,nan,nan,Found with our in-house single transit finder
1042868.0,1042868.01,nan,nan,No report on TEV; Found with our in-house single transit finder; transit finder output attached under 'Files'; close to MD
1461133.0,1461133.01,nan,nan,Found with our in-house single transit finder
3181884.0,3181884.01,nan,nan,Found with our in-house single transit finder
3892209.0,3892209.01,nan,nan,No report on TEV; Found with our in-house single transit finder; transit finder output attached under 'Files'
4299199.0,4299199.01,nan,nan,Found with our in-house single transit finder; Sector 20
4672985.0,4672985.01,nan,nan,WINE single transit
4689632.0,4689632.01,nan,nan,Found with our in-house single transit finder
6426639.0,6426639.01,1.58,nan,All data ontained using the LightKurve framework
6515171.0,6515171.01,5.48,nan,All Data obtained using the Light Kurve framework
6517467.0,6517467.01,1.33,nan,All data obtained using the Light Kurve Framework
7145074.0,7145074.01,nan,nan,WINE single transit
7984988.0,7984988.01,nan,nan,No TEV report; Found with our in-house single transit finder
9376051.0,9376051.01,nan,nan,No report on TEV; Found with our in-house single transit finder; transit finder output attached under 'Files'
10747470.0,10747470.01,1.977,nan,No report
11755687.0,11755687.01,3.052,nan,Identification and vetting detailed in https://arxiv.org/abs/2101.10919.
12011437.0,12011437.01,2.433,nan,"No report on TEV; new CTOI, Montalto et al. (2020)"
12090836.0,12090836.01,3.197,nan,Identification and vetting detailed in https://arxiv.org/abs/2101.10919.
12631674.0,12631674.01,nan,nan,Found with our in-house single transit finder; Sector 31
13072758.0,13072758.01,nan,nan,WINE single transit
13344668.0,13344668.01,nan,nan,WINE single transit
14173089.0,14173089.01,4.076,nan,Identification and vetting detailed in https://arxiv.org/abs/2101.10919.
16326602.0,16326602.01,nan,nan,No TEV report; Found with our in-house single transit finder
19026420.0,19026420.01,nan,nan,No TEV report; Found with our in-house single transit finder
22317640.0,22317640.01,nan,nan,WINE single transit
22642772.0,22642772.01,nan,nan,Found with our in-house single transit finder
24251313.0,24251313.01,0.64,nan,"No report on TEV; new CTOI, Montalto et al. (2020)"
25314899.0,25314899.01,3.367,nan,No report
25758307.0,25758307.01,0.903,nan,No report
25879023.0,25879023.01,2.049,nan,No report on TEV
26264354.0,26264354.01,0.29,nan,"No report on TEV; new CTOI, Montalto et al. (2020)"
26474800.0,26474800.01,0.806,nan,No report on TEV
26493474.0,26493474.01,1.56,nan,Data are obtained using the LightKurve framework
26748546.0,26748546.01,5.902,nan,No report on TEV
27354439.0,27354439.01,0.486,nan,No report
27414976.0,27414976.01,3.976,nan,Identification and vetting detailed in https://arxiv.org/abs/2101.10919.
27515765.0,27515765.01,0.86,nan,All data are obtained using the LightKurve framework
27847307.0,27847307.01,2.498,nan,No report on TEV
27896467.0,27896467.01,8.25,nan,Possible two bodies in orbit around the main star as seen in the light curve
29953537.0,29953537.01,0.731,nan,Corrected transit depth of 160.92 (+/-12.21) ppm; USP candidate; possibly two stars in same pixel
29989691.0,29989691.01,7.195,nan,Corrected transit depth of 214.7 (+/-7.6) ppm; Marginal PC; within southern Continuous Viewing Zone
30654608.0,30654608.01,2.496,nan,"No report on TEV; new CTOI likely member of Muzzio 1     , PATHOS-02 in Nardiello et al. (2020)"
32451836.0,32451836.01,nan,nan,"No TEV report; Camera 2, CCD 3, Column 2023, Row 1622, Sector 3"
34798133.0,34798133.01,4.62,nan,All data obtained using LightKurve framework
36595388.0,36595388.01,1.738,nan,No report on TEV
37167097.0,37167097.01,1.98,nan,All info obtained using the LightKurve framework
37497171.0,37497171.01,0.636,nan,"No report on TEV; new CTOI, Montalto et al. (2020)"
39291805.0,39291805.01,7.172,nan,"new CTOI likely member of NGC 2112     , PATHOS-03 in Nardiello et al. (2020)"
42524156.0,42524156.01,10.013,nan,"new CTOI likely member of ASCC 88      , PATHOS-04 in Nardiello et al. (2020)"
43785616.0,43785616.01,nan,nan,Found with our in-house finder; Sector 32
45357107.0,45357107.01,2.177,nan,"No report on TEV; new CTOI, Montalto et al. (2020)"
47625466.0,47625466.01,8.26,nan,"Possible two planets, as the light curve shows two different kind of depths"
48882295.0,48882295.01,nan,nan,Found with our in-house single transit finder
50580647.0,50580647.01,4.91,nan,All info obtained using the LightKurve framework
51238317.0,51238317.01,14.261,nan,Found with our in-house single transit finder; Sector 20
52745699.0,52745699.01,3.166,nan,Identification and vetting detailed in https://arxiv.org/abs/2101.10919.
53309262.0,53309262.01,0,nan,No report on TEV
53461742.0,53461742.01,4.412,nan,Identification and vetting detailed in https://arxiv.org/abs/2101.10919.
53843023.0,53843023.01,0,nan,No report
55441086.0,55441086.01,4.16,nan,All data obtained using the lightkurve framework
55446876.0,55446876.01,5.59,nan,All data obtained using the lightkurve framework
56099207.0,56099207.01,nan,nan,Found with our in-house single transit finder; Sector 32
59942318.0,59942318.01,nan,nan,Found with our in-house single transit finder
60111182.0,60111182.01,0.37,nan,All data obtained with the LightKurve framework
62618413.0,62618413.01,7.02,nan,All data obtained using the LightKurve framework
62632191.0,62632191.01,nan,nan,No TEV report; Found with our in-house single transit finder
63889661.0,63889661.01,2.971,nan,Identification and vetting detailed in https://arxiv.org/abs/2101.10919.
67599025.0,67599025.01,nan,nan,"WINE single transit, another transit in S30"
67600790.0,67600790.01,0.961,nan,No report on TEV
67651371.0,67651371.01,nan,nan,No report on TEV; Found with our in-house single transit finder; transit finder output attached under 'Files'
69745398.0,69745398.01,nan,nan,No report on TEV; Found with our in-house single transit finder; transit finder output attached under 'Files'
70722784.0,70722784.01,14.454,nan,"No report on TEV; new CTOI, Montalto et al. (2020)"
71295401.0,71295401.01,6.22,nan,Possible two planets as per light curve
76140400.0,76140400.01,0,nan,No report on TEV; Found with our in-house single transit finder; transit finder output attached under 'Files'
77287067.0,77287067.01,4.076,nan,Identification and vetting detailed in https://arxiv.org/abs/2101.10919.
77370025.0,77370025.01,12.338,nan,"No report on TEV; new CTOI, Montalto et al. (2020)"
77560191.0,77560191.01,nan,nan,No TEV report; Found with our in-house single transit finder
78012416.0,78012416.01,14.649,nan,"No report on TEV; new CTOI, Montalto et al. (2020)"
80317933.0,80317933.01,3.21,nan,"new CTOI likely member of Collinder 292, PATHOS-05 in Nardiello et al. (2020)"
81353413.0,81353413.01,2.087,nan,"new CTOI likely member of Velorum association, PATHOS-35 in Nardiello (2020)"
82011246.0,82011246.01,3.51,nan,All data are obtained using the LIghtKurve framework
85504049.0,85504049.01,3.25,nan,"No TEV report; Camera 2, CCD 2, Column 551, Rwo 594, Sector 19"
87884695.0,87884695.01,1.19,nan,Possible W Ursae Majoris type variables (EW) with secondary companion that gets occultated and occults in a strict orbit
89288586.0,89288586.01,nan,nan,Found with our in-house single transit finder
89330719.0,89330719.01,nan,nan,No report on TEV; Found with our in-house single transit finder; transit finder output attached under 'Files'
91987487.0,91987487.01,nan,nan,No report on TEV; Found with our in-house single transit finder; transit finder output attached under 'Files'; W Shaped
92835691.0,92835691.01,22.366,nan,"new CTOI likely member of SAI 91       , PATHOS-07 in Nardiello et al. (2020)"
92866460.0,92866460.01,19.16,nan,"No report on TEV; new CTOI, Montalto et al. (2020)"
94423678.0,94423678.01,1.422,nan,No report on TEV
94589619.0,94589619.01,12.083,nan,"new CTOI likely member of NGC 2437     , PATHOS-08 in Nardiello et al. (2020)"
95003423.0,95003423.01,1.527,nan,"new CTOI likely member of Lupus association  , PATHOS-37 in Nardiello (2020)"
95768667.0,95768667.01,0,nan,No report
95857505.0,95857505.01,nan,nan,No report on TEV; Found with our in-house single transit finder; transit finder output attached under 'Files'
96157127.0,96157127.01,0.99,nan,All data obtained with the LightKurve framework
97975207.0,97975207.01,4.19,nan,All data are obtained using the Ligh Kurve framework
98672702.0,98672702.01,15.129,nan,"No report on TEV; new CTOI, Montalto et al. (2020)"
100665013.0,100665013.01,nan,nan,Found with our in-house single transit finder; Sector 32
100776118.0,100776118.01,nan,nan,Single transit event
101179725.0,101179725.01,11.739,nan,"No report on TEV; new CTOI, Montalto et al. (2020)"
101641905.0,101641905.01,0,nan,No report on TEV
104195270.0,104195270.01,3.686,nan,Identification and vetting detailed in https://arxiv.org/abs/2101.10919.
105850602.0,105850602.01,nan,nan,No report
109929845.0,109929845.01,4.763,nan,Identification and vetting detailed in https://arxiv.org/abs/2101.10919.
111363968.0,111363968.01,1.633,nan,"No report on TEV; new CTOI, Montalto et al. (2020)"
115171750.0,115171750.01,0,nan,No report
116756420.0,116756420.01,1.63,nan,All info obtained using the lightKurve framework
117772549.0,117772549.01,7.879,nan,"No report on TEV; new CTOI, Montalto et al. (2020)"
118339710.0,118339710.01,nan,nan,WINE single transit
119685627.0,119685627.01,5.032,nan,Identification and vetting detailed in https://arxiv.org/abs/2101.10919.
120232318.0,120232318.01,3.62,nan,Identification and vetting detailed in https://arxiv.org/abs/2101.10919.
120232321.0,120232321.01,3.62,nan,Identification and vetting detailed in https://arxiv.org/abs/2101.10919.
121636363.0,121636363.01,0,nan,Single transit event
121724183.0,121724183.01,nan,nan,Found with our in-house single transit finder
123012736.0,123012736.01,4.06,nan,Possible two planets as per light curve
123755508.0,123755508.01,15.287,nan,"No report on TEV; new CTOI likely member of Velorum association, PATHOS-38 in Nardiello (2020)"
125414447.0,125414447.01,3.707,nan,"No report on TEV; new CTOI likely member of NGC 2323     , PATHOS-09 in Nardiello et al. (2020)"
126098688.0,126098688.01,5.914,nan,No report
126600730.0,126600730.01,6.299,nan,"No report on TEV; new CTOI likely member of Haffner 14   , PATHOS-10 in Nardiello et al. (2020)"
128703021.0,128703021.01,0,nan,Single transit; no report
134631912.0,134631912.01,1.06,nan,All info obtained using the Light Kurve framework
135145585.0,135145585.01,1.51,nan,"No report on TEV; new CTOI, Montalto et al. (2020)"
135367053.0,135367053.01,2.758,nan,"No report on TEV; new CTOI, Montalto et al. (2020)"
137389526.0,137389526.01,3.912,nan,Identification and vetting detailed in https://arxiv.org/abs/2101.10919.
139470998.0,139470998.01,121.8,nan,Planet Hunters TESS candidate.
139726266.0,139726266.01,nan,nan,Found with our in-house single transit finder; Sector 32
140215502.0,140215502.01,nan,nan,Found with our in-house single transit finder; Sector 32
140284423.0,140284423.01,9.439,nan,"No report on TEV; new CTOI, Montalto et al. (2020)"
141979734.0,141979734.01,24.533,nan,"No report on TEV; new CTOI, Montalto et al. (2020)"
142305141.0,142305141.01,1.96,nan,"No report on TEV; new CTOI, Montalto et al. (2020)"
142648205.0,142648205.01,17.633,nan,WINE warm jupiter candidate
144164538.0,144164538.01,3.128,nan,"No report on TEV; new CTOI, Montalto et al. (2020)"
144317256.0,144317256.01,1.505,nan,"No report on TEV; new CTOI, Montalto et al. (2020)"
159059181.0,144995073.01,20.021,nan,"No report on TEV; new CTOI likely member of NGC 2669     , PATHOS-11 in Nardiello et al. (2020)"
146652799.0,146652799.01,19.778,nan,"No report on TEV; new CTOI, Montalto et al. (2020)"
147069011.0,147069011.01,7.328,nan,No report on TEV
147426828.0,147426828.01,1.462,nan,"No report on TEV; new CTOI likely member of NGC 2318     , PATHOS-13 in Nardiello et al. (2020)"
147852475.0,147852475.01,3.917,nan,"No report on TEV; new CTOI, Montalto et al. (2020)"
149391403.0,149391403.01,5.23,nan,Possible hot jupiter
149508001.0,149508001.01,0.721,nan,Corrected transit depth of 366.38 (+/-81.29) ppm; USP candidate
151628217.0,151628217.01,1.111,nan,"No report on TEV; new CTOI, Montalto et al. (2020)"
156947629.0,156947629.01,5.253,nan,"No report on TEV; new CTOI, Montalto et al. (2020)"
158209498.0,158209498.01,nan,nan,No report on TEV; Found with our in-house single transit finder; transit finder output attached under 'Files'
158786520.0,158786520.01,0.721,nan,No report on TEV
158835095.0,158835095.01,0.575,nan,No report on TEV
159059181.0,159059181.01,5.217,nan,"No report on TEV; new CTOI likely member of NGC 2112     , PATHOS-16 in Nardiello et al. (2020)"
159159904.0,159159904.01,0,nan,No report on TEV
159761678.0,159761678.01,1.445,nan,No report on TEV
160041500.0,160041500.01,nan,nan,No report on TEV; Found with our in-house single transit finder; transit finder output attached under 'Files'
161169240.0,161169240.01,nan,nan,No report on TEV; Found with our in-house single transit finder; transit finder output attached under 'Files'
164365027.0,164365027.01,nan,nan,No report
164781040.0,164781040.01,2.349,nan,No report on TEV
165110772.0,165110772.01,0.061,nan,No report
167085203.0,167085203.01,15.517,nan,"No report on TEV; new CTOI, Montalto et al. (2020)"
167456277.0,167456277.01,nan,nan,No report on TEV; Found with our in-house single transit finder; transit finder output attached under 'Files'
167653919.0,167653919.01,nan,nan,No TEV report; Found with our in-house single transit finder
167671392.0,167671392.01,3.963,nan,Identification and vetting detailed in https://arxiv.org/abs/2101.10919.
168702709.0,168702709.01,nan,nan,Found with our in-house single transit finder; Sector 31
168903062.0,168903062.01,2.674,nan,Identification and vetting detailed in https://arxiv.org/abs/2101.10919.
172752083.0,172752083.01,13.43,nan,No report
176366125.0,176366125.01,nan,nan,Found with our in-house single transit finder; Sector 32
178242751.0,178242751.01,5.296,nan,Identification and vetting detailed in https://arxiv.org/abs/2101.10919.
178472673.0,178472673.01,nan,nan,No TEV report; Found with our in-house single transit finder
181602717.0,181602717.01,2.456,nan,"No report on TEV; new CTOI likely member of NGC 2671     , PATHOS-17 in Nardiello et al. (2020)"
186072225.0,186072225.01,nan,nan,WINE single transit
188620407.0,188620407.01,nan,nan,WINE single transit
190989264.0,190989264.01,nan,nan,No TEV report; Found with our in-house single transit finder
199497770.0,199497770.01,8.97,nan,Sector 23
199661915.0,199661915.01,22.705,nan,Likely EB; period matches second canindate in SPOC report on pdo; no report on TEV; new CTOI
201175570.0,201175570.01,9.7,nan,No TEV report; inflated Neptune candidate around evolved star
201899356.0,201899356.01,3.109,nan,"No report on TEV; new CTOI, Montalto et al. (2020)"
202059363.0,202059363.01,4.247,nan,Identification and vetting detailed in https://arxiv.org/abs/2101.10919.
202712304.0,202712304.01,nan,nan,No report on TEV; Found with our in-house single transit finder; transit finder output attached under 'Files'
206361691.0,206361691.01,0,nan,No report
206561817.0,206561817.01,nan,nan,No report on TEV; Found with our in-house single transit finder; transit finder output attached under 'Files'
206588321.0,206588321.01,nan,nan,No report on TEV; Single transit; found with our in-house single transit finder; transit finder output attached under 'Files'
206660104.0,206660104.01,13.451,nan,No report
206666063.0,206666063.01,nan,nan,No report on TEV; Found with our in-house single transit finder; transit finder output attached under 'Files'
207078179.0,207078179.01,nan,nan,WINE single transit
210441429.0,210441429.01,2.406,nan,hot Jupiter candidate around subgiant star
211854402.0,211854402.01,2.349,nan,No report on TEV
219396153.0,219396153.01,10.242,nan,"No report on TEV; new CTOI, Montalto et al. (2020)"
220524097.0,220524097.01,3.961,nan,Identification and vetting detailed in https://arxiv.org/abs/2101.10919.
222078568.0,222078568.01,nan,nan,Found with our in-house single transit finder; Sector 12
224279805.0,224279805.01,nan,nan,No report on TEV; Found with our in-house single transit finder; transit finder output attached under 'Files'
229055790.0,229055790.01,0,nan,No report
230013820.0,230013820.01,0.84,nan,No report
231346067.0,231346067.01,1.292,nan,"No report on TEV; new CTOI, Montalto et al. (2020)"
231945429.0,231945429.01,30.462,nan,"No report on TEV; new CTOI, Montalto et al. (2020)"
233194447.0,233194447.01,0,nan,No report
234496405.0,234496405.01,22.418,nan,warm Jupiter candidate around evolved star; needs redetrending
235015217.0,235015217.01,4.088,nan,"No report on TEV; new CTOI, Montalto et al. (2020)"
235039711.0,235039711.01,nan,nan,WINE single transit
235072851.0,235072851.01,3.119,nan,Identification and vetting detailed in https://arxiv.org/abs/2101.10919.
236084210.0,236084210.01,5.347,nan,"No report on TEV; new CTOI likely member of ASCC 85      , PATHOS-18 in Nardiello et al. (2020)"
236770234.0,236770234.01,nan,nan,No report on TEV; Found with our in-house single transit finder; transit finder output attached under 'Files'
237098272.0,237098272.01,8.76,nan,All data obtained using the lightkurve framework
237597612.0,237597612.01,nan,nan,Found with our in-house single transit finder
238379370.0,238379370.01,27.177,nan,"No report on TEV; new CTOI likely member of Velorum association, PATHOS-40 in Nardiello (2020)"
238895829.0,238895829.01,2.371,nan,inflated planet candidate around red giant star
239142212.0,239142212.01,nan,nan,Found with our in-house single transit finder; Sector 20
239190192.0,239190192.01,nan,nan,Found with our in-house single transit finder; Sector 20
239190192.0,239190192.02,nan,nan,Found with our in-house single transit finder; Sector 20; Might be secondary transit to .01
239277658.0,239277658.01,3.25,nan,No report on TEV
240101705.0,240101705.01,nan,nan,Found with our in-house single transit finder; Sector 20
243167068.0,243167068.01,nan,nan,WINE single transit
243417115.0,243417115.01,0,nan,No report
248687282.0,248687282.01,nan,nan,Found with our in-house single transit finder; Sector 32
250187388.0,250187388.01,nan,nan,Found with our in-house single transit finder; Sector 32; W Shaped
250492521.0,250492521.01,nan,nan,Found with our in-house single transit finder
250492521.0,250492521.02,nan,nan,Found with our in-house single transit finder
250595513.0,250595513.01,nan,nan,Single transit event
252798304.0,252798304.01,9.08,nan,All data obtained using the lightkurve framework
252802348.0,252802348.01,8.32,nan,All data obtained using the lightkurve framework
252803603.0,252803603.01,nan,nan,"No report on TEV; clear, if short and spiked transit"
252803603.0,252803603.02,nan,nan,"No report on TEV; very significant single transit, no others in preceding 25 days."
252908198.0,252908198.01,nan,nan,Found with our in-house single transit finder; Sector 20
253040591.0,253040591.01,nan,nan,No report on TEV; Found with our in-house single transit finder; transit finder output attached under 'Files'
253553257.0,253553257.01,nan,nan,Found with our in-house single transit finder; Sector 13
254304169.0,254304169.01,2.382,nan,"No report on TEV; new CTOI, Montalto et al. (2020)"
256429408.0,256429408.01,nan,nan,No report on TEV; PHT candidate. Single transit event.
256871385.0,256871385.01,2.902,nan,No report
257483992.0,257483992.01,8.787,nan,"No report on TEV; new CTOI, Montalto et al. (2020)"
258923475.0,258923475.01,2.44,nan,All data obtained using the LightKurve framework
259376845.0,259376845.01,13.45,nan,No report on TEV; new CTOI
261646133.0,261646133.01,nan,nan,Found with our in-house single transit finder; Sector 13
262570313.0,262570313.01,2.928,nan,Identification and vetting detailed in https://arxiv.org/abs/2101.10919.
264221104.0,264221104.01,61.9,nan,No TEV report; inflated cold Jupiter or EB (or noise) around evolved star
264766922.0,264766922.01,nan,nan,No report on TEV; Planet Hunters TESS candidate. Single transit event.
265453074.0,265453074.01,nan,nan,No TEV report; Found with our in-house single transit finder
265465927.0,265465927.01,nan,nan,WINE single transit
268166705.0,268166705.01,9.948,nan,No report on TEV
268534931.0,268534931.01,nan,nan,No report on TEV; PHT candidate. Single transit event.
268704157.0,268704157.01,6.816,nan,No report
268751095.0,268751095.01,nan,nan,No report on TEV; Found with our in-house single transit finder; transit finder output attached under 'Files'
269343479.0,269343479.01,4.128,nan,"No report on TEV; new CTOI, Montalto et al. (2020)"
271013213.0,271013213.01,0.62,nan,"No report on TEV; new CTOI, Montalto et al. (2020)"
271369421.0,271369421.01,nan,nan,No TEV report; Found with our in-house single transit finder
271547901.0,271547901.01,1.333,nan,No report on TEV
271755676.0,271755676.01,1.715,nan,No report on TEV
272270998.0,272270998.01,0.518,nan,No report on TEV
273270473.0,273270473.01,2.709,nan,Identification and vetting detailed in https://arxiv.org/abs/2101.10919.
274150793.0,274150793.01,nan,nan,Found with our in-house single transit finder; Sector 31
275179540.0,275179540.01,nan,nan,No TEV report; Found with our in-house single transit finder
275180352.0,275180352.01,nan,nan,No TEV report; Found with our in-house single transit finder
275573755.0,275573755.01,1.644,nan,No report on TEV
278664649.0,278664649.01,18.392,nan,Sector 23
278825345.0,278825345.01,7.989,nan,Identification and vetting detailed in https://arxiv.org/abs/2101.10919.
279070369.0,279070369.01,nan,nan,WINE single transit
279070369.0,279070369.02,nan,nan,WINE single transit
279401253.0,279401253.01,nan,nan,Found with our in-house single transit finder; transit finder output attached under 'Files'
280613644.0,280613644.01,3.721,nan,Identification and vetting detailed in https://arxiv.org/abs/2101.10919.
282502866.0,282502866.01,7.401,nan,"No report on TEV; new CTOI, Montalto et al. (2020)"
282830436.0,282830436.01,5.637,nan,No report on TEV
282883628.0,282883628.01,8.42,nan,All data obtained using the lightkurve framework
283027405.0,283027405.01,7.29,nan,Possible hot jupiter or brown dwarf considering the size
284677262.0,284677262.01,nan,nan,Found with our in-house single transit finder; Sector 32
284706890.0,284706890.01,3.836,nan,Identification and vetting detailed in https://arxiv.org/abs/2101.10919.
284910127.0,284910127.01,1.771,nan,No report on TEV; Eclipsing Binary
287328202.0,287328202.01,3.835,nan,"No report on TEV; new CTOI, Montalto et al. (2020)"
288240183.0,288240183.01,119.05,nan,No report on TEV; PHT candidate.
290596726.0,290596726.01,nan,nan,No report on TEV; Found with our in-house single transit finder; transit finder output attached under 'Files'
290596728.0,290596728.01,nan,nan,No report on TEV; Found with our in-house single transit finder; transit finder output attached under 'Files'
290777444.0,290777444.01,6.108,nan,"No report on TEV; new CTOI, Montalto et al. (2020)"
292777663.0,292777663.01,4.603,nan,"No report on TEV; new CTOI, Montalto et al. (2020)"
293649602.0,293649602.01,0,nan,No report on TEV
293845053.0,293845053.01,nan,nan,No TEV report; Found with our in-house single transit finder
293893405.0,293893405.01,nan,nan,Found with our in-house single transit finder; Sector 32
294194145.0,294194145.01,3.656,nan,"No report on TEV; new CTOI, Montalto et al. (2020)"
294216479.0,294216479.01,nan,nan,Found with our in-house single transit finder
296354161.0,296354161.01,6.007,nan,Identification and vetting detailed in https://arxiv.org/abs/2101.10919.
299739645.0,299739645.01,nan,nan,No TEV report; Found with our in-house single transit finder
300362600.0,300362600.01,11.656,nan,"No report on TEV; new CTOI likely member of NGC 5316     , PATHOS-19 in Nardiello et al. (2020)"
301558096.0,301558096.01,nan,nan,Found with our in-house single transit finder; Sector 31
303050301.0,303050301.01,0,nan,No report on TEV
307571751.0,307571751.01,1.303,nan,"No report on TEV; new CTOI, Montalto et al. (2020)"
308211363.0,308211363.01,nan,nan,WINE single transit
310162619.0,310162619.01,3.84,nan,All data are obtained using the LightKurve Framework
310355207.0,310355207.01,4.575,nan,No report on TEV
312395707.0,312395707.01,4.19,nan,All data obtained using the lightKurve framework
314643904.0,314643904.01,6.85,nan,All info obtained using the LightKurve framework
316340057.0,316340057.01,nan,nan,Found with our in-house single transit finder; Sector 13
317536999.0,317536999.01,5.856,nan,"No report on TEV; new CTOI likely member of Ruprecht 94  , PATHOS-22 in Nardiello et al. (2020)"
318013179.0,318013179.01,nan,nan,WINE single transit
318753114.0,318753114.01,nan,nan,Found with our in-house single transit finder; Sector 31
319558163.0,319558163.01,8.27,nan,All data obtained using the lightkurve framework
320092265.0,320092265.01,0.89,nan,All the data are using the LightKurve framework
326092637.0,326092637.01,4.618,nan,"No report on TEV; new CTOI, Montalto et al. (2020)"
328162246.0,328162246.01,nan,nan,Found with our in-house single transit finder; Sector 31
331644554.0,331644554.01,0,nan,No report
332657786.0,332657786.01,0,nan,No report on TEV
332954788.0,332954788.01,0.7,nan,Corrected transit depth of 441.7 (+/-83.6) ppm; USP candidate
333136751.0,333136751.01,nan,nan,No report on TEV; Found with our in-house single transit finder; transit finder output attached under 'Files'
337217173.0,337217173.01,nan,nan,Single Transit in Sector-31. Transit-like feature in Sector-4 due to asteroid crossing
339451334.0,339451334.01,1.938,nan,"No report on TEV; new CTOI, Montalto et al. (2020)"
341411516.0,341411516.01,3.109,nan,"No report on TEV; new CTOI, Montalto et al. (2020)"
342004815.0,342004815.01,nan,nan,"newCTOI,Single transit event; another single in Y1 at ~1539.5; these two singles are the shorter duration events but there are longer duration events filtered out in the detrending with a period of 39.5 days. However the shorter duration events happen consistently 14.1 days after the deep events; likely eccentric EB"
343933335.0,343933335.01,4.37,nan,Identification and vetting detailed in https://arxiv.org/abs/2101.10919.
349373226.0,349373226.01,0.608,nan,"No report on TEV; new CTOI, Montalto et al. (2020)"
349793830.0,349793830.01,nan,nan,No report on TEV; Found with our in-house single transit finder; transit finder output attached under 'Files'
349832804.0,349832804.01,1.041,nan,No report
350335633.0,350335633.01,2.389,nan,Identification and vetting detailed in https://arxiv.org/abs/2101.10919.
354846183.0,354846183.01,nan,nan,No report on TEV; Found with our in-house single transit finder; transit finder output attached under 'Files'; Very large radius
355895977.0,355895977.01,10.579,nan,potential hot sub-Neptune around dwarf star
356240333.0,356240333.01,0,nan,No report on TEV; Found with our in-house single transit finder; transit finder output attached under 'Files'
356451765.0,356451765.01,3.36,nan,All info obtained using the LightKurve framework
359648342.0,359648342.01,3.95,nan,Identification and vetting detailed in https://arxiv.org/abs/2101.10919.
359683436.0,359683436.01,nan,nan,Found with our in-house single transit finder
361983224.0,361983224.01,nan,nan,Found with our in-house single transit finder; Sector 20
365102760.0,365102760.01,4.204,nan,No TEV report; hot Neptune candidate around evolved star
365250897.0,365250897.01,nan,nan,Found with our in-house single transit finder; Sector 31
365463946.0,365463946.01,nan,nan,Found with our in-house single transit finder; Sector 32
365956062.0,365956062.01,1.808,nan,"No report on TEV; new CTOI, Montalto et al. (2020)"
366946329.0,366946329.01,7.9,nan,"No TEV report; Camera 2, CCD 3, Column 763, Row 637, Sector 12, unclear orbital period"
369031347.0,369031347.01,2.475,nan,No report on TEV; short-period planet candidate around RGB star
369779127.0,369779127.01,0,nan,No report
370010846.0,370010846.01,3.485,nan,Identification and vetting detailed in https://arxiv.org/abs/2101.10919.
373026096.0,373026096.01,nan,nan,Found with our in-house single transit finder; Sector 32
373062094.0,373062094.01,7.76,nan,All data obtained using the LightKurve framework
374268399.0,374268399.01,nan,nan,"newCTOI,Single transit event"
374352402.0,374352402.01,1.14,nan,"No report on TEV; new CTOI, Montalto et al. (2020)"
379628805.0,379628805.01,2.09,nan,"column 872, row 70, sector 18, mission TESS"
382360740.0,382360740.01,5.15,nan,All data obtained using the Light Kurve framework
383510040.0,383510040.01,5.91,nan,All data obtained using the lightkurve framework
384194460.0,384194460.01,1.3,nan,All data obtained using the lightkurve framework
385274980.0,385274980.01,6,nan,"No TEV report; Camera 2, CCD 2, Column 1551, Row 1343, Sector 11"
386484325.0,386484325.01,nan,nan,Found with our in-house single transit finder
387513450.0,387513450.01,nan,nan,Foun
387541380.0,387541380.01,nan,nan,Found with our in-house single transit finder; Sector 31
387610076.0,387610076.01,nan,nan,Found with our in-house single transit finder; Sector 31
388504644.0,388504644.01,5.691,nan,inflated planet candidate around red giant star. RV followup started
390252502.0,390252502.01,5.436,nan,No report on TEV
390930138.0,390930138.01,6.953,nan,"No TEV report; uninflated warm Jupiter candidate around evolved star. crowded field, short duration"
394126269.0,394126269.01,3.858,nan,"new CTOI, PATHOS-1 in Nardiello et al. (2019)"
396246765.0,396246765.01,3.441,nan,Identification and vetting detailed in https://arxiv.org/abs/2101.10919.
396935226.0,396935226.01,nan,nan,Found with our in-house single transit finder; Sector 32
398673587.0,398673587.01,nan,nan,WINE single transit
399784500.0,399784500.01,nan,nan,Found with our in-house single transit finder; Sector 32
401849421.0,401849421.01,1.041,nan,"No report on TEV; new CTOI, Montalto et al. (2020)"
403693870.0,403693870.01,3.524,nan,Identification and vetting detailed in https://arxiv.org/abs/2101.10919.
409141608.0,409141608.01,nan,nan,No report
409473377.0,409473377.01,nan,nan,No TEV report; Found with our in-house single transit finder
410119093.0,410119093.01,4.129,nan,Identification and vetting detailed in https://arxiv.org/abs/2101.10919.
411662605.0,411662605.01,1.561,nan,"new CTOI likely member of Lupus association  , PATHOS-43 in Nardiello (2020)"
412200591.0,412200591.01,nan,nan,Found with our in-house single transit finder; Sector 32
413809436.0,413809436.01,2.703,nan,"new CTOI likely member of NGC 5925     , PATHOS-26 in Nardiello et al. (2020)"
417644279.0,417644279.01,10.884,nan,planet candidate around evolved star. recon spectrum obtained
419091401.0,419091401.01,12.707,nan,"new CTOI likely member of Ruprecht 48  , PATHOS-27 in Nardiello et al. (2020)"
420031102.0,420031102.01,nan,nan,Found with our in-house single transit finder; Sector 31
422448310.0,422448310.01,4.54,nan,All data obtained using the LightKurve framework
422650433.0,422650433.01,1.29,nan,"No TEV report; Camera 1, CCD 4, Column 1786, Row 255, Sector 4"
424730711.0,424730711.01,nan,nan,Found with our in-house single transit finder; transit finder output attached under 'Files'
425585592.0,425585592.01,nan,nan,Found with our in-house single transit finder
427344083.0,427344083.01,nan,nan,No report on TEV; PHT candidate. Single transit event. Likely grazing.
427377458.0,427377458.01,2.53,nan,All data obtained using the LightKurve framework
427459423.0,427459423.01,nan,nan,Found with our in-house single transit finder; Sector 32
428704854.0,428704854.01,5.67,nan,All data obtained using the lightkurve framework
431605129.0,431605129.01,4.04,nan,No TEV report; hot Jupiter candidate around dwarf star/bg star? check nearby bright star
434307868.0,434307868.01,nan,nan,Found with our in-house single transit finder
436663419.0,436663419.01,nan,nan,"Found with our in-house single transit finder; Sector 32; also sec 5 available, no transit visible there"
437935628.0,437935628.01,nan,nan,Found with our in-house single transit finder
438225366.0,438225366.01,nan,nan,Found with our in-house single transit finder
439406850.0,439406850.01,nan,nan,No report on TEV; Found with our in-house single transit finder; transit finder output attached under 'Files'
441122551.0,441122551.01,3.386,nan,Identification and vetting detailed in https://arxiv.org/abs/2101.10919.
441131943.0,441131943.01,nan,nan,Found with our in-house single transit finder; Sector 31
441417261.0,441417261.01,8.55,nan,All data obtained with the LightKurve framework
441424343.0,441424343.01,nan,nan,"No TEV report; Camera 1, CCD 4, Column 1803, Row 1605, Sector 1"
444335503.0,444335503.01,1.2,nan,Data obtained using the LightKurve framework
449793302.0,449793302.01,4.9,nan,"No TEV report; Camera 2, CCD 2, Column 307, Row 1088, Sector 11"
450610413.0,450610413.01,10.678,nan,"new CTOI likely member of Harvard 5    , PATHOS-29 in Nardiello et al. (2020)"
452954163.0,452954163.01,5.002,nan,"No report on TEV; new CTOI, Montalto et al. (2020)"
453455638.0,453455638.01,6.012,nan,"No report on TEV; new CTOI, Montalto et al. (2020)"
454142943.0,454142943.01,nan,nan,Found with our in-house single transit finder; Sector 32
455006978.0,455006978.01,2.751,nan,Identification and vetting detailed in https://arxiv.org/abs/2101.10919.
455238504.0,455238504.01,nan,nan,WINE single transit
456220610.0,456220610.01,6.71,nan,Unclear period as per light curve
456909420.0,456909420.01,nan,nan,No report on TEV; PHT candidate. Single transit event.
458451774.0,458451774.01,0,nan,No report
458484614.0,458484614.01,5.82,nan,All data obtained using the lightkurve framework
460950389.0,460950389.01,2.862,nan,"new CTOI likely member of IC 2602      , PATHOS-31 in Nardiello et al. (2020)"
462004618.0,462004618.01,2.367,nan,"new CTOI likely member of NGC 3114     , PATHOS-32 in Nardiello et al. (2020)"
467785319.0,467785319.01,nan,nan,No report on TEV; Found with our in-house single transit finder; transit finder output attached under 'Files'
468178519.0,468178519.01,2.985,nan,Identification and vetting detailed in https://arxiv.org/abs/2101.10919.
738065944.0,738065944.01,7.755,nan,"No report on TEV; new CTOI, Montalto et al. (2020)"
748919024.0,748919024.01,2.54,nan,"new CTOI likely member of Ruprecht 151 , PATHOS-33 in Nardiello et al. (2020)"
814205011.0,814205011.01,nan,nan,No TEV report; Found with our in-house single transit finder
901674675.0,901674675.01,4.42,nan,"No report on TEV; new CTOI, Montalto et al. (2020)"
1036769612.0,1036769612.01,7.473,nan,"No report on TEV; new CTOI likely member of Trumpler 22  , PATHOS-34 in Nardiello et al. (2020)"
7688647.0,7688647.01,1.936,nan,"new CTOI from NEMESIS, https://arxiv.org/abs/2103.05647"
9632592.0,9632592.01,4.992,nan,"new CTOI from NEMESIS, https://arxiv.org/abs/2103.05647"
10934226.0,10934226.01,4.803,nan,"No report on TEV; new CTOI from NEMESIS, https://arxiv.org/abs/2103.05647"
14611330.0,14611330.01,nan,nan,Found with our in-house single transit finder
23138732.0,23138732.01,4.558,nan,"new CTOI from NEMESIS, https://arxiv.org/abs/2103.05647"
24795168.0,24795168.01,nan,nan,PHT candidate. Single transit event. We caution that the event is close to a momentum dump.
27858644.0,27858644.01,nan,nan,FP: Contaminated transit from nearby EB
27986571.0,27986571.01,nan,nan,WD single transit (nominal period: 41000 years!!!)
44669739.0,44669739.01,2.411,nan,"new CTOI from NEMESIS, https://arxiv.org/abs/2103.05647"
47142025.0,47142025.01,nan,nan,No report on TEV; Found with our in-house single transit finder
50270480.0,50270480.01,1.651,nan,"new CTOI from NEMESIS, https://arxiv.org/abs/2103.05647"
55454149.0,55454149.01,nan,nan,No report on TEV; Found with our in-house single transit finder
59183645.0,59183645.01,4.545,nan,"potential planet candidate around evolved star, short duration, crowded field, possible BEB"
64549889.0,64549889.01,nan,nan,Found with our in-house single transit finder
80315892.0,80315892.01,6.159,nan,"new CTOI from NEMESIS, https://arxiv.org/abs/2103.05647"
89620053.0,89620053.01,nan,nan,No TEV report; Found with our in-house single transit finder
98794593.0,98794593.01,nan,nan,PHT candidate. Single transit event.
101991992.0,101991992.01,2.737,nan,"No report on TEV; new CTOI from NEMESIS, https://arxiv.org/abs/2103.05647"
116497708.0,116497708.01,6.67,nan,camera: 2; ccd: 4; column: 898; row: 145; sector: 18
129979519.0,129979519.01,1.22,nan,camera 1; ccd 2; column 816; row 1419; sector 18
130370378.0,130370378.01,nan,nan,single transit (nominal period: 490 days)
139456051.0,139456051.01,2.842,nan,"No report on TEV; new CTOI from NEMESIS, https://arxiv.org/abs/2103.05647"
139474683.0,139474683.01,3.203,nan,inflated hot Jupiter candidate orbiting evolved star
143996634.0,143996634.01,4.927,nan,"No report on TEV; new CTOI from NEMESIS, https://arxiv.org/abs/2103.05647"
149990098.0,149990098.01,nan,nan,Found with our in-house single transit finder
152406952.0,152406952.01,nan,nan,Found with our in-house single transit finder
161478895.0,161478895.01,4.867,nan,"No report on TEV; new CTOI from NEMESIS, https://arxiv.org/abs/2103.05647"
165602000.0,165602000.01,nan,nan,single transit (nominal period: 46 days)
169251938.0,169251938.01,nan,nan,No report on TEV; Found with our in-house single transit finder
170161682.0,170161682.01,25.16,nan,PHT candidate. Note that the target it is a relatively crowded field.
183231138.0,183231138.01,3.558,nan,"No report on TEV; new CTOI from NEMESIS, https://arxiv.org/abs/2103.05647"
184111843.0,184111843.01,3.085,nan,"new CTOI from NEMESIS, https://arxiv.org/abs/2103.05647"
188619138.0,188619138.01,nan,nan,WD single transit (nominal period: 2500 years!)
192833836.0,192833836.01,6.237,nan,"new CTOI from NEMESIS, https://arxiv.org/abs/2103.05647"
206468250.0,206468250.01,5.564,nan,"new CTOI from NEMESIS, https://arxiv.org/abs/2103.05647"
209457622.0,209457622.01,5.035,nan,"new CTOI from NEMESIS, https://arxiv.org/abs/2103.05647"
212380077.0,212380077.01,14.06,nan,"camera 1, ccd 2, column 1516, row 1297, sector 3"
220570288.0,220570288.01,4.443,nan,"new CTOI from NEMESIS, https://arxiv.org/abs/2103.05647"
234299676.0,234299676.01,6.845,nan,"new CTOI from NEMESIS, https://arxiv.org/abs/2103.05647"
265135454.0,265135454.01,nan,nan,Found with our in-house single transit finder
266813717.0,266813717.01,nan,nan,Found with our in-house single transit finder
270651953.0,270651953.01,nan,nan,Found with our in-house single transit finder
281851658.0,281851658.01,6.201,nan,"new CTOI from NEMESIS, https://arxiv.org/abs/2103.05647"
285233653.0,285233653.01,3.1,nan,"camera 2, ccd 1, column 256, row 583, sector 17"
289624436.0,289624436.01,nan,nan,single transit (nominal period: 20 days)
290048573.0,290048573.01,1.483,nan,"new CTOI from NEMESIS, https://arxiv.org/abs/2103.05647"
294501647.0,294501647.01,nan,nan,Found with our in-house single transit finder
296859112.0,296859112.01,nan,nan,Found with our in-house single transit finder
308089071.0,308089071.01,5.5,nan,"camera 2, ccd 4, column 1926, row 1991, sector 24"
310862872.0,310862872.01,4.89,nan,"camera 1, ccd 1, column 952, row 201, sector 19"
318188400.0,318188400.01,nan,nan,Found with our in-house single transit finder
374268399.0,374268399.01,nan,nan,"newCTOI,Single transit event"
389662862.0,389662862.01,2.998,nan,"new CTOI from NEMESIS, https://arxiv.org/abs/2103.05647"
406478079.0,406478079.01,1.57,nan,"new CTOI from NEMESIS, https://arxiv.org/abs/2103.05647"
408038524.0,408038524.01,1.246,nan,"new CTOI from NEMESIS, https://arxiv.org/abs/2103.05647"
409891396.0,409891396.01,nan,nan,single full transit (nominal period: 57 days)
421472503.0,421472503.01,nan,nan,single transit (nominal period: 15 days)
422650438.0,422650438.01,1.29,nan,"camera 1, ccd 4, column 1786, row 258, sector 4"
437234869.0,437234869.01,nan,nan,Found with our in-house single transit finder
444041825.0,444041825.01,nan,nan,Found with our in-house single transit finder
458645327.0,458645327.01,nan,nan,Found with our in-house single transit finder
458647366.0,458647366.01,nan,nan,Found with our in-house single transit finder
468963200.0,468963200.01,nan,nan,Found with our in-house single transit finder
199661915.0,199661915.02,22.707,nan,Likely EB; period matches second canindate in SPOC report on pdo; no report on TEV; new CTOI
26947356.0,26947356.01,6.82,11.7908,Report on TEV is contamination but does not match CTOI signal; Possible 2 planets as the curve shows 2 distinct depths of different size
138169785.0,138169785.01,nan,20.5261,"single transit event from the TSTPC working group, additional transits at ~2034 TBJD and ~2014"
281461138.0,281461138.01,5.211,0.65,"No report on TEV for this signal. New CTOI from NEMESIS, https://arxiv.org/abs/2103.05647"
68326706.0,68326706.01,nan,15.5499,single transit; very v-shaped; Found with our in-house single transit finder; Sector 12
100103201.0,100103201.01,14.553,7.4234,Corrected transit depth of 1146.44 (+/-234.59) ppm; only Cycle 1 data used
100103201.0,100103201.02,31.552,18.7902,Corrected transit depth of 3218.53 (+/-614.29) ppm; within inner HZ but too big to be rocky
231969683.0,231969683.01,nan,13.9861,Looks like a single; Found with our in-house single transit finder; Sector 32
295176393.0,295176393.01,27.252,13.0963,"new CTOI, Montalto et al. (2020)"
358576949.0,358576949.01,22.6,7.716,new CTOI; early year 1 report; PC 
358576949.0,358576949.02,22.6,7.716,new CTOI; should there be two CTOIs with same period? duplicate of 358576949.02?
32606889.0,32606889.01,4.687,4.68696,"new CTOI, Montalto et al. (2020)"
35703676.0,35703676.01,1.73,1.73035,"new CTOI, Montalto et al. (2020)"
37777274.0,37777274.01,1.352,1.35183,"new CTOI, Montalto et al. (2020)"
38129218.0,38129218.01,2.402,2.401,"new CTOI, Montalto et al. (2020)"
38815574.0,38815574.01,20.429,10.2145,"new CTOI, Montalto et al. (2020)"
52169698.0,52169698.01,0.622,0.6221,"new CTOI, Montalto et al. (2020)"
64070344.0,64070344.01,2.737,2.73679,"new CTOI, Montalto et al. (2020)"
83839341.0,83839341.01,5.588,5.58819,"new CTOI, Montalto et al. (2020)"
85371626.0,85371626.01,2.07,2.059941759,All data are obtained using the LightKurve framework
100918213.0,100918213.01,0.256,0.25645,"new CTOI, Montalto et al. (2020)"
117644481.0,117644481.01,0.251,0.2506,"new CTOI, Montalto et al. (2020)"
130613275.0,130613275.01,8.477,8.47687,"new CTOI, Montalto et al. (2020)"
134549022.0,134549022.01,11.534,11.5188,"new CTOI, Montalto et al. (2020)"
184397998.0,184397998.01,7.538,7.5372,WINE hot Jupiter; odd even
220417892.0,220417892.01,7.034,7.0338,"new CTOI, Montalto et al. (2020)"
220460087.0,220460087.01,3.271,3.2708,Identification and vetting detailed in https://arxiv.org/abs/2101.10919.
229043374.0,229043374.01,3.056,3.057153,"new CTOI, Montalto et al. (2020)"
234387858.0,234387858.01,2.81,2.80986,"new CTOI, Montalto et al. (2020)"
235067594.0,235067594.01,8.295,8.2838,"new CTOI, Montalto et al. (2020)"
237342298.0,237342298.01,2.692,2.6922,early year 1 report; priority 4/5; new CTOI
238930658.0,238930658.01,0.693,0.6935,"new CTOI, Montalto et al. (2020)"
259391480.0,259391480.01,2.206,2.206,"new CTOI, Montalto et al. (2020)"
264318873.0,264318873.01,0.551,0.55069,"new CTOI, Montalto et al. (2020)"
300116105.0,300116105.01,2.077,2.07651,"new CTOI, Montalto et al. (2020)"
312091232.0,312091232.01,4.348,4.3484,"new CTOI, Montalto et al. (2020)"
314829796.0,314829796.01,1.467,1.466453,"new CTOI, Montalto et al. (2020)"
318756174.0,318756174.01,3.374,3.37515,Generate new centroid plot; Identification and vetting detailed in https://arxiv.org/abs/2101.10919.
349789882.0,349789882.01,10.018,10.0171,"new CTOI, Montalto et al. (2020)"
368713985.0,368713985.01,4.093,4.0936,"new CTOI, Montalto et al. (2020)"
372909372.0,372909372.01,9.018,9.01877,"new CTOI, Montalto et al. (2020)"
382521776.0,382521776.01,4.394,4.396,Identification and vetting detailed in https://arxiv.org/abs/2101.10919.
388850377.0,388850377.01,2.47,2.46858,"new CTOI, Montalto et al. (2020)"
390874411.0,390874411.01,8900,9.42738,WINE single transit
393748848.0,393748848.01,2.128,2.12784,"new CTOI, Montalto et al. (2020)"
178367145.0,178367145.01,3.409,3.40932,"new CTOI, Montalto et al. (2020)"
234284556.0,234284556.01,1.106,1.106831,Planet Candidate
92444219.0,92444219.01,39.52,8.1807,Signal on TEV is single transit; centroid offset but not centered on anything; investigate further; background light spikes at epoch 1342
152283270.0,152283270.01,nan,11.2526,Single transit; PC in GV; asteroid from background light during transit
159343218.0,159343218.01,109.14,"106.66, 23.388, 81.851 ",QLP S25 (not on TEV) has half CTOI period but shows significant depth-aperture correlation
278661431.0,278661431.01,17.632,17.6741,SPOC centroid offset centered near other star TIC 278661428
24725031.0,24725031.01,0.533,nan,Stellar variability
29786532.0,29786532.01,1.588,nan,CDIPS report; V-shaped; very large
53682439.0,53682439.01,0.641,nan,CDIPS report; looks ok; some odd-even; investigate further
93275779.0,93275779.01,0.914,nan,CDIPS report; looks ok; faint
110718787.0,110718787.01,3.092,nan,CDIPS report; variable star; some odd-even; seems to be off-target
116887189.0,116887189.01,0.806,nan,No report; listed as FP on exofop
125192758.0,125192758.01,1.731,nan,Exofop FP
133260600.0,133260600.01,1.424,nan,CDIPS report; too large; v-shaped; maybe synchronized
133323306.0,133323306.01,1.095,nan,CDIPS report; looks ok; no QLP report
135268489.0,135268489.01,3.702,nan,1700 ppm secondary; synchronized (SPOC)
140978827.0,140978827.01,8.299,nan,CDIPS report; large
154573032.0,154573032.01,1.542,nan,Significant odd-even and centroid offset (SPOC)
154671430.0,154671430.01,1.164,nan,Odd-even
198181553.0,198181553.01,1.411,1.411,Significant odd-even; 31 Re
198390707.0,198390707.01,0.141365,nan,31 Re; secondary
199662939.0,199662939.01,2.296,2.294,Centroid offset on another star
200516835.0,200516835.01,3.778,nan,CDIPS report; looks ok
219882262.0,219882262.01,1.033,nan,Centroid offset on another star
229446477.0,229446477.01,0.658,nan,V-shaped; 3600 ppm secondary
229503517.0,229503517.01,3.974,nan,Too large
229675762.0,229675762.01,0.724,0.724,8.6 sigma odd-even
229740848.0,229740848.01,1.543,nan,3500 ppm secondary
230007816.0,230007816.01,2.627,nan,V-shaped; too large
230389303.0,230389303.01,7.69,7.697,Centroid offset on another star
232612421.0,232612421.01,4.361,4.36,Centroid offset on another star
233058262.0,233058262.01,70.979,26.276,Clear eccentric EB
233195052.0,233195052.01,2.68,2.678,Centroid offset on another star
233496435.0,233496435.01,43.011,22.904,Second transit in SPOC S14-26 looks plausible
233576872.0,233576872.01,1.518,nan,Too large
233629963.0,233629963.01,1.591,nan,V-shaped; secondary
234504626.0,234504626.01,0.534,nan,Significant depth-aperture; V-shaped; potential odd-even
237214311.0,237214311.01,37.522,nan,Too large
238611475.0,238611475.01,1.536,nan,CDIPS report; v-shaped; PMS M dwarf; no full QLP report
243278072.0,243278072.01,26.673,nan,V-shaped; too large
258548745.0,258548745.01,3.063,nan,Odd-even; too large
260119000.0,260119000.01,2.94,nan,CDIPS report; possible secondary; centroid uncertain; off-target according to Evans followup
269861070.0,269861070.01,1.968,nan,16 sigma odd-even
287351976.0,287351976.01,1.924,nan,Rp = 167 Re
287351976.0,287351976.02,1.924,nan,Rp = 167 Re
298077526.0,298077526.01,1.921,nan,CDIPS report; looks ok; no QLP report
307085007.0,307085007.01,19.272,nan,Significan depth-aperture correlation; V-shaped; some odd-even
308538095.0,308538095.01,11.693,nan,Looks ok; odd-even timing difference; need full report; recon spectra show it's SB2
311236477.0,311236477.01,3.133,nan,Odd-even
342866210.0,342866210.01,2.537,nan,Secondary too deep; significant centroid offset
343320735.0,343320735.01,12.416,nan,Wait for multisector; odd-even and centroid offset
345324572.0,345324572.01,2.566,nan,Centroid offset centered on another star and odd-even
349118653.0,349118653.01,0.756,nan,Exofop FP
349155660.0,349155660.01,0.698,nan,Rp = 93 Re
349647697.0,349647697.01,0.577,nan,Stellar variability
349647697.0,349647697.02,0.583,nan,Stellar variability
350844139.0,350844139.01,0.571,nan,Variability
350930938.0,350930938.01,2.649,nan,Rp = 41 Re
356015361.0,356015361.01,11.2723,nan,Eccentric EB
376997143.0,376997143.01,11.879,nan,Eccentric EB
377912676.0,377912676.01,5.249,nan,Known EB (Slawson+2011)
378421253.0,378421253.01,0.751,nan,CDIPS report; variability
385557214.0,385557214.01,5.625,nan,Clear secondary in SPOC LC
388134787.0,388134787.01,0,79.697,Weak signal in SPOC S14-26
399913539.0,399913539.01,1.288,nan,Known EB (Slawson+2011)
405687343.0,405687343.01,0.532,nan,Known EB (Slawson+2011)
417734868.0,417734868.01,11.447,nan,Too large
432564189.0,432564189.01,3.761,nan,CDIPS report; too large
432925586.0,432925586.01,2.024,nan,CDIPS report; looks ok; PMS M dwarf; no full QLP report
452920657.0,452920657.01,0,9.699,Second transit in SPOC S18 looks plausible
460024410.0,460024410.01,2.117,nan,CDIPS report; looks ok; no QLP report
463903016.0,463903016.01,1.442,nan,CDIPS report; weak signal
467522800.0,467522800.01,1.057,nan,CDIPS report; v-shaped; too large
853388144.0,853388144.01,1.645,nan,CDIPS report; NEB
859480036.0,859480036.01,2.596,nan,CDIPS report; double-lined EB
1030389830.0,1030389830.01,0.688,nan,CDIPS report; looks too large
198382901.0,198382901.01,8.542,nan,Secondary; significant depth-aperture correlation
229760134.0,229760134.01,0.824,nan,Phase modulations; depth-aperture correlation
229786055.0,229786055.01,2.14,nan,8.7 sigma odd/even; significant depth-aperture correlation
230016502.0,230016502.01,2.961,nan,42 Re; V-shaped; slight odd-even
230112571.0,230112571.01,0.531,nan,Odd-even; depth-aperture correlation
236817949.0,236817949.01,0.63,nan,14 sigma odd even
237116860.0,237116860.01,0.907,nan,33 Re; significant depth-aperture correlation
284564211.0,284564211.01,2.556,nan,V-shaped; secondary; depth-aperture correlation
364964726.0,364964726.01,2.06,nan,Secondary; depth-aperture correlation
198420098.0,198420098.01,1.789,1.78624,Odd-even
127505662.0,127505662.01,nan,nan,actual source is TIC 127505658 which was released as TOI 5564.01
51947865.0,51947865.01,3.699,3.6992,newCTOI; this appears to be a phantom; check 831471745 (brighter of two real stars)
296863792.0,296863792.01,14.616,14.616,newCTOI; phantom tic; real star is TIC 860207014
1717079066.0,1717079066.01,1.764,1.76353,signal already released as TOI 1161 
25227021.0,25227021.01,nan,15.131,Found with our in-house single transit finder; transit finder output attached under 'Files'
95112238.0,95112238.01,1.362,1.3616,"new CTOI, Montalto et al. (2020)"
141428309.0,141428309.01,nan,7.641,Found with our in-house single transit finder; transit finder output attached under 'Files'
238920872.0,238920872.01,6.535,6.5347,"new CTOI, Montalto et al. (2020)"
264173786.0,264173786.01,1.631,1.6306,Preliminary vetting with DAVE
290403522.0,290403522.01,22.375,22.375,"Warm Jupiter candidate around rapid rotator, expected high eccentricity given the transit duration and stellar density"
333736132.0,333736132.01,nan,nan,"newCTOI, Single transit"
31142436.0,31142436.01,5.271,5.2731,"new CTOI, Montalto et al. (2020)"
33989652.0,33989652.01,6.194,6.1891,"new CTOI, Montalto et al. (2020)"
139147770.0,139147770.01,nan,10.9342,WINE single transit; only has early qlp data
139423295.0,139423295.01,10.537,5.2684,"new CTOI, Montalto et al. (2020)"
170361401.0,170361401.01,1.094,1.0946,"new CTOI, Montalto et al. (2020)"
192831602.0,192831602.01,19.58,9.79587,"new CTOI, Montalto et al. (2020)"
264485594.0,264485594.01,7.17,7.1679,"new CTOI, Montalto et al. (2020)"
267542728.0,267542728.01,39.74,39.74,Put on hold
278536652.0,278536652.01,7.132,7.1294,"new CTOI, Montalto et al. (2020)"
302212110.0,302212110.01,8.548,8.5473,"new CTOI, Montalto et al. (2020)"
303682623.0,303682623.01,0.681,0.68068,"new CTOI, Montalto et al. (2020)"
350432166.0,350432166.01,35.786,35.787,"new CTOI, Montalto et al. (2020)"
405421924.0,405421924.01,1.804,1.8043,"new CTOI, Montalto et al. (2020)"
29430403.0,29430403.01,1.878,1.877567,"new CTOI, Montalto et al. (2020)"
53993965.0,53993965.01,0.577,0.57671,"new CTOI, Montalto et al. (2020)"
126797048.0,126797048.01,nan,nan,newCTOI; single in s36 spoc
152226055.0,152226055.01,1.431,1.431331,"new CTOI, Montalto et al. (2020)"
220504798.0,220504798.01,0.558,0.557775,"new CTOI, Montalto et al. (2020)"
229480555.0,229480555.01,11.878,11.895,Placed on hold for reprocessing
230236827.0,230236827.01,0.708,0.707782,"V-shaped, 68 transits"
232632890.0,232632890.01,0.674,1.348,Placed on hold for reprocessing
249022743.0,249022743.01,2.256,2.26139,"new CTOI, Montalto et al. (2020)"
260756218.0,260756218.01,2,1.955422,Algol EB; synchronized with variability
261261490.0,261261490.01,3.54,3.538959,Clear centroid offset in SPOC
268529943.0,268529943.01,4.301,4.3006,"new CTOI, Montalto et al. (2020)"
281599144.0,281599144.01,36.054,36.05373,"new CTOI, Montalto et al. (2020)"
301980639.0,301980639.01,4.783,4.779524,Large; v-shaped; possible secondary
350190639.0,350190639.01,1.864,1.866441,Parallax + Teff suggest M dwarf
372909935.0,372909935.01,3.612,3.61113,Too large; called EB in a different delivery
394340319.0,394340319.01,3.037,3.038975,V-shaped; depth-aperture
33283274.0,33283274.01,3.227,1.6143,"new CTOI, Montalto et al. (2020)"
34371411.0,34371411.01,3.883,3.88062,Identification and vetting detailed in https://arxiv.org/abs/2101.10919.
173639849.0,173639849.01,nan,12.82,Found with our in-house single transit finder
423785115.0,423785115.01,74.2,13.584,PHT candidate. Second transit in FFI data. True period could be multiple of given period.
5364106.0,5364106.01,nan,nan,PHT candidate. Single transit event.
5966772.0,5966772.01,nan,nan,PHT candidate. Possible additional transit event in the FFIs at ~ 1587.95 TBJD.
6242388.0,6242388.01,nan,nan,Found with our in-house single transit finder; Sector 43
9099764.0,9099764.01,nan,nan,nan
9176290.0,9176290.01,nan,nan,nan
9567278.0,9567278.01,nan,nan,nan
9707944.0,9707944.01,nan,nan,nan
13073396.0,13073396.01,nan,nan,nan
13416465.0,13416465.01,nan,nan,nan
13866376.0,13866376.01,nan,nan,nan
13875852.0,13875852.01,nan,nan,nan
14440176.0,14440176.01,nan,nan,nan
16317477.0,16317477.01,nan,nan,nan
22391604.0,22391604.01,nan,nan,nan
26412438.0,26412438.01,nan,nan,nan
27541714.0,27541714.01,nan,nan,nan
27549827.0,27549827.01,nan,nan,nan
27550937.0,27550937.01,nan,nan,nan
28754926.0,28754926.01,nan,nan,nan
34085383.0,34085383.01,nan,nan,nan
35021200.0,35021200.01,nan,nan,nan
nan,36887038.01,nan,nan,nan
37652870.0,37652870.01,nan,nan,nan
48139432.0,48139432.01,nan,nan,nan
50361536.0,50361536.01,nan,nan,nan
51022999.0,51022999.01,nan,nan,nan
51099561.0,51099561.01,nan,nan,nan
53952541.0,53952541.01,nan,nan,nan
58843267.0,58843267.01,nan,nan,nan
58946313.0,58946313.01,nan,nan,nan
59490344.0,59490344.01,nan,nan,nan
60369879.0,60369879.01,nan,nan,nan
60958874.0,60958874.01,nan,nan,nan
61126715.0,61126715.01,nan,nan,nan
65166582.0,65166582.01,nan,nan,nan
65557265.0,65557265.01,nan,nan,nan
66323870.0,66323870.01,nan,nan,nan
67047661.0,67047661.01,nan,nan,nan
67424670.0,67424670.01,nan,nan,nan
67884964.0,67884964.01,nan,nan,nan
nan,68646526.02,nan,nan,nan
68687000.0,68687000.01,nan,nan,nan
72669209.0,72669209.01,nan,nan,nan
73496987.0,73496987.01,nan,nan,nan
80435273.0,80435273.01,nan,nan,nan
80946619.0,80946619.01,nan,nan,nan
81089255.0,81089255.01,nan,nan,nan
82204651.0,82204651.01,nan,nan,nan
86119201.0,86119201.01,nan,nan,nan
87304178.0,87304178.01,nan,nan,nan
89258104.0,89258104.01,nan,nan,nan
91251292.0,91251292.02,nan,nan,nan
94984950.0,94984950.01,nan,nan,nan
95661771.0,95661771.01,nan,nan,nan
97255991.0,97255991.01,nan,nan,nan
99570132.0,99570132.01,nan,nan,nan
99673151.0,99673151.01,nan,nan,nan
100504488.0,100504488.01,nan,nan,nan
100504488.0,100504488.02,nan,nan,nan
100504488.0,100504488.03,nan,nan,nan
100990000.0,100990000.03,nan,nan,nan
101569362.0,101569362.01,nan,nan,nan
106235729.0,106235729.01,nan,nan,nan
113918063.0,113918063.01,nan,nan,nan
125358479.0,125358479.01,nan,nan,nan
125489144.0,125489144.01,nan,nan,nan
126278294.0,126278294.01,nan,nan,nan
126984335.0,126984335.01,nan,nan,nan
129762963.0,129762963.01,nan,nan,nan
130718055.0,130718055.01,nan,nan,nan
136798415.0,136798415.01,nan,nan,nan
137966491.0,137966491.01,nan,nan,nan
138351298.0,138351298.01,nan,nan,nan
138683028.0,138683028.01,nan,nan,nan
138707225.0,138707225.01,nan,nan,nan
139270665.0,139270665.01,nan,nan,nan
139409215.0,139409215.01,nan,nan,nan
140381887.0,140381887.01,nan,nan,nan
141522677.0,141522677.01,nan,nan,nan
142933407.0,142933407.01,nan,nan,nan
144011696.0,144011696.01,nan,nan,nan
145601161.0,145601161.01,nan,nan,nan
146259128.0,146259128.01,nan,nan,nan
146333231.0,146333231.01,nan,nan,nan
146627106.0,146627106.01,nan,nan,nan
147561732.0,147561732.01,nan,nan,nan
149349867.0,149349867.03,nan,nan,nan
150986109.0,150986109.01,nan,nan,nan
152070435.0,152070435.01,nan,nan,nan
152359413.0,152359413.01,nan,nan,nan
153949511.0,153949511.03,nan,nan,nan
154927098.0,154927098.01,nan,nan,nan
154927164.0,154927164.01,nan,nan,nan
155916612.0,155916612.01,nan,nan,nan
155947147.0,155947147.01,nan,nan,nan
156096834.0,156096834.01,nan,nan,nan
156457567.0,156457567.01,nan,nan,nan
159614322.0,159614322.01,nan,nan,nan
160585062.0,160585062.01,nan,nan,nan
161924841.0,161924841.01,nan,nan,nan
164790977.0,164790977.01,nan,nan,nan
166540320.0,166540320.01,nan,nan,nan
178143624.0,178143624.01,nan,nan,nan
180625612.0,180625612.01,nan,nan,nan
180652621.0,180652621.01,nan,nan,nan
185779182.0,185779182.01,nan,nan,nan
188377183.0,188377183.01,nan,nan,nan
190736332.0,190736332.01,nan,nan,nan
192014454.0,192014454.01,nan,nan,nan
192687318.0,192687318.01,nan,nan,nan
193759514.0,193759514.01,nan,nan,nan
197596346.0,197596346.01,nan,nan,nan
197736350.0,197736350.01,nan,nan,nan
199572211.0,199572211.01,nan,nan,nan
199660056.0,199660056.01,nan,nan,nan
202276965.0,202276965.01,nan,nan,nan
209006017.0,209006017.01,nan,nan,nan
212359877.0,212359877.01,nan,nan,nan
212378056.0,212378056.01,nan,nan,nan
216986756.0,216986756.01,nan,nan,nan
219018744.0,219018744.01,nan,nan,nan
219176113.0,219176113.01,nan,nan,nan
219434595.0,219434595.01,nan,nan,nan
219641816.0,219641816.01,nan,nan,nan
219778735.0,219778735.01,nan,nan,nan
219778735.0,219778735.02,nan,nan,nan
219898294.0,219898294.01,nan,nan,nan
220129325.0,220129325.01,nan,nan,nan
228463329.0,228463329.01,nan,nan,nan
229076808.0,229076808.01,nan,nan,nan
229573730.0,229573730.01,nan,nan,nan
229747848.0,229747848.03,nan,nan,nan
229747848.0,229747848.04,nan,nan,nan
229950972.0,229950972.01,nan,nan,nan
231682442.0,231682442.01,nan,nan,nan
233126177.0,233126177.01,nan,nan,nan
233190203.0,233190203.01,nan,nan,nan
233267414.0,233267414.01,nan,nan,nan
233511804.0,233511804.01,nan,nan,nan
233733562.0,233733562.01,nan,nan,nan
234037942.0,234037942.01,nan,nan,nan
234117841.0,234117841.01,nan,nan,nan
235903203.0,235903203.01,nan,nan,nan
236529353.0,236529353.01,nan,nan,nan
236815262.0,236815262.01,nan,nan,nan
238605434.0,238605434.01,nan,nan,nan
240855518.0,240855518.01,nan,nan,nan
241249530.0,241249530.01,nan,nan,nan
242241304.0,242241304.01,nan,nan,nan
246976997.0,246976997.01,nan,nan,nan
247160131.0,247160131.01,nan,nan,nan
248957032.0,248957032.01,nan,nan,nan
248959076.0,248959076.01,nan,nan,nan
248960573.0,248960573.01,nan,nan,nan
250650880.0,250650880.01,nan,nan,nan
251090642.0,251090642.01,nan,nan,nan
251494772.0,251494772.01,nan,nan,nan
251975224.0,251975224.01,nan,nan,nan
252753599.0,252753599.01,nan,nan,nan
252939798.0,252939798.01,nan,nan,nan
256160376.0,256160376.01,nan,nan,nan
256516208.0,256516208.01,nan,nan,nan
257300241.0,257300241.01,nan,nan,nan
257430997.0,257430997.01,nan,nan,nan
257554718.0,257554718.01,nan,nan,nan
257803459.0,257803459.01,nan,nan,nan
258799245.0,258799245.01,nan,nan,nan
260167199.0,260167199.01,nan,nan,nan
260703820.0,260703820.01,nan,nan,nan
nan,261136000.01,nan,nan,nan
262725099.0,262725099.01,nan,nan,nan
264333501.0,264333501.01,nan,nan,nan
267034895.0,267034895.01,nan,nan,nan
267217069.0,267217069.01,nan,nan,nan
267661228.0,267661228.01,nan,nan,nan
268125683.0,268125683.01,nan,nan,nan
269033446.0,269033446.01,nan,nan,nan
269519402.0,269519402.01,nan,nan,nan
270022396.0,270022396.01,nan,nan,nan
270260727.0,270260727.01,nan,nan,nan
270618239.0,270618239.01,nan,nan,nan
270920839.0,270920839.01,nan,nan,nan
271443321.0,271443321.01,nan,nan,nan
275703185.0,275703185.01,nan,nan,nan
276915898.0,276915898.01,nan,nan,nan
278341415.0,278341415.01,nan,nan,nan
280692653.0,280692653.01,nan,nan,nan
283786459.0,283786459.01,nan,nan,nan
284124227.0,284124227.01,nan,nan,nan
284567761.0,284567761.01,nan,nan,nan
284570702.0,284570702.01,nan,nan,nan
284679244.0,284679244.01,nan,nan,nan
285249796.0,285249796.01,nan,nan,nan
286097964.0,286097964.01,nan,nan,nan
nan,287959034.01,nan,nan,nan
288405412.0,288405412.01,nan,nan,nan
289718679.0,289718679.01,nan,nan,nan
289947860.0,289947860.01,nan,nan,nan
290686569.0,290686569.01,nan,nan,nan
293991511.0,293991511.01,nan,nan,nan
298292983.0,298292983.01,nan,nan,nan
306449303.0,306449303.01,nan,nan,nan
306931668.0,306931668.01,nan,nan,nan
310155291.0,310155291.01,nan,nan,nan
311233661.0,311233661.01,nan,nan,nan
312543349.0,312543349.01,nan,nan,nan
316246231.0,316246231.01,nan,nan,nan
320261550.0,320261550.01,nan,nan,nan
320687387.0,320687387.01,nan,nan,nan
nan,323283992.01,nan,nan,nan
323717669.0,323717669.01,nan,nan,nan
324609409.0,324609409.01,nan,nan,nan
325685403.0,325685403.01,nan,nan,nan
326397318.0,326397318.01,nan,nan,nan
326483210.0,326483210.01,nan,nan,nan
332258412.0,332258412.01,nan,nan,nan
333792947.0,333792947.01,nan,nan,nan
334949878.0,334949878.01,nan,nan,nan
335684494.0,335684494.01,nan,nan,nan
336892053.0,336892053.01,nan,nan,nan
339368119.0,339368119.01,nan,nan,nan
344713453.0,344713453.01,nan,nan,nan
345327044.0,345327044.01,nan,nan,nan
nan,347332255.03,nan,nan,nan
nan,347332255.04,nan,nan,nan
348608380.0,348608380.01,nan,nan,nan
349813029.0,349813029.01,nan,nan,nan
350274116.0,350274116.01,nan,nan,nan
350517548.0,350517548.01,nan,nan,nan
355881602.0,355881602.01,nan,nan,nan
356868485.0,356868485.01,nan,nan,nan
356973763.0,356973763.01,nan,nan,nan
357033670.0,357033670.01,nan,nan,nan
357094314.0,357094314.01,nan,nan,nan
357786383.0,357786383.01,nan,nan,nan
358086041.0,358086041.01,nan,nan,nan
358658763.0,358658763.01,nan,nan,nan
359046756.0,359046756.01,nan,nan,nan
359338693.0,359338693.01,nan,nan,nan
359805399.0,359805399.01,nan,nan,nan
365007485.0,365007485.01,nan,nan,nan
366810260.0,366810260.01,nan,nan,nan
nan,367461419.01,nan,nan,nan
368251043.0,368251043.01,nan,nan,nan
nan,368803791.01,nan,nan,nan
369476686.0,369476686.01,nan,nan,nan
371596256.0,371596256.01,nan,nan,nan
373136570.0,373136570.01,nan,nan,nan
373674579.0,373674579.01,nan,nan,nan
376116071.0,376116071.01,nan,nan,nan
376457352.0,376457352.01,nan,nan,nan
376537276.0,376537276.01,nan,nan,nan
376973804.0,376973804.01,nan,nan,nan
377020459.0,377020459.01,nan,nan,nan
377619148.0,377619148.01,nan,nan,nan
379376771.0,379376771.01,nan,nan,nan
380884709.0,380884709.01,nan,nan,nan
384882500.0,384882500.01,nan,nan,nan
385636103.0,385636103.01,nan,nan,nan
386729525.0,386729525.01,nan,nan,nan
388431740.0,388431740.01,nan,nan,nan
388431742.0,388431742.01,nan,nan,nan
388803989.0,388803989.01,nan,nan,nan
389041242.0,389041242.01,nan,nan,nan
390045892.0,390045892.01,nan,nan,nan
393565707.0,393565707.01,nan,nan,nan
397483270.0,397483270.01,nan,nan,nan
397487633.0,397487633.01,nan,nan,nan
397678193.0,397678193.01,nan,nan,nan
397762695.0,397762695.01,nan,nan,nan
399105267.0,399105267.01,nan,nan,nan
400048856.0,400048856.01,nan,nan,nan
400351578.0,400351578.01,nan,nan,nan
401617111.0,401617111.01,nan,nan,nan
408094816.0,408094816.01,nan,nan,nan
408254149.0,408254149.01,nan,nan,nan
408358709.0,408358709.01,nan,nan,nan
415732733.0,415732733.01,nan,nan,nan
417058223.0,417058223.01,nan,nan,nan
420015743.0,420015743.01,nan,nan,nan
421331604.0,421331604.01,nan,nan,nan
421630760.0,421630760.01,nan,nan,nan
422082582.0,422082582.01,nan,nan,nan
422484720.0,422484720.01,nan,nan,nan
423360793.0,423360793.01,nan,nan,nan
426317111.0,426317111.01,nan,nan,nan
427943483.0,427943483.01,nan,nan,nan
428976250.0,428976250.01,nan,nan,nan
431206812.0,431206812.01,nan,nan,nan
434105091.0,434105091.01,nan,nan,nan
434217306.0,434217306.01,nan,nan,nan
435904852.0,435904852.01,nan,nan,nan
441017467.0,441017467.01,nan,nan,nan
441056242.0,441056242.01,nan,nan,nan
441199415.0,441199415.01,nan,nan,nan
441546821.0,441546821.01,nan,nan,nan
441705792.0,441705792.01,nan,nan,nan
441710478.0,441710478.01,nan,nan,nan
441808796.0,441808796.01,nan,nan,nan
443994883.0,443994883.01,nan,nan,nan
444898583.0,444898583.01,nan,nan,nan
445260697.0,445260697.01,nan,nan,nan
445717008.0,445717008.01,nan,nan,nan
446044800.0,446044800.01,nan,nan,nan
452523977.0,452523977.01,nan,nan,nan
453029782.0,453029782.01,nan,nan,nan
453444539.0,453444539.01,nan,nan,nan
455854202.0,455854202.01,nan,nan,nan
457134361.0,457134361.01,nan,nan,nan
458382304.0,458382304.01,nan,nan,nan
458419988.0,458419988.01,nan,nan,nan
468401583.0,468401583.01,nan,nan,nan
468888472.0,468888472.01,nan,nan,nan
468910725.0,468910725.01,nan,nan,nan
470981906.0,470981906.01,nan,nan,nan
602870459.0,602870459.01,nan,nan,nan
645455722.0,645455722.01,nan,nan,nan
645713782.0,645713782.01,nan,nan,nan
668459662.0,668459662.01,nan,nan,nan
841384851.0,841384851.01,nan,nan,nan
1961935435.0,1961935435.01,nan,nan,nan
2015243161.0,2015243161.01,nan,nan,nan
